model,pct,gamma,n_features,seed,accuracy,precision,recall,f1_score,specificity,balanced_accuracy,timestamp
knn,25,0.0,15,101,0.9718677224033534,0.9900856793145655,0.9335548172757475,0.9605884886254243,0.9944053208137715,0.9639800690447595,08/11/2025 14:43:27
knn,25,0.2,15,101,0.9701133364384411,0.9902206320810972,0.9289036544850499,0.958241253435052,0.9944053208137715,0.9616544876494106,08/11/2025 14:43:30
knn,25,0.4,15,101,0.9736221083682658,0.9901098901098901,0.9384274640088593,0.9633645075012842,0.9944053208137715,0.9664163924113154,08/11/2025 14:43:33
knn,25,0.6,15,101,0.9613258810743673,0.9947368421052631,0.9005537098560354,0.9449663363427281,0.9972222222222221,0.948887966039129,08/11/2025 14:43:36
knn,25,0.8,15,101,0.9666045645086166,0.9897368421052632,0.9196013289036546,0.9532530820144691,0.9944444444444445,0.9570228866740494,08/11/2025 14:43:40
knn,25,1.0,15,101,0.9542928116752056,0.98445338791937,0.891140642303433,0.9351411404415828,0.9916275430359939,0.9413840926697133,08/11/2025 14:43:45
knn,25,1.2,15,101,0.9613103555348548,0.9849749373433585,0.9100775193798449,0.9455715478623468,0.9916275430359939,0.9508525312079193,08/11/2025 14:43:49
knn,25,1.4,15,101,0.9613103555348548,0.9849749373433585,0.9100775193798449,0.9455715478623468,0.9916275430359939,0.9508525312079193,08/11/2025 14:43:54
knn,25,1.6,15,101,0.9595559695699427,0.9802188397823828,0.9100775193798449,0.9432794526522381,0.988849765258216,0.9494636423190304,08/11/2025 14:44:00
knn,25,1.8,15,101,0.9595559695699427,0.9802188397823828,0.9100775193798449,0.9432794526522381,0.988849765258216,0.9494636423190304,08/11/2025 14:44:07
knn,25,2.0,15,101,0.9578015836050303,0.9801026957637997,0.9054263565891473,0.9408144666578402,0.988849765258216,0.9471380609236816,08/11/2025 14:44:13
knn,25,2.2,15,101,0.9595559695699427,0.9802188397823828,0.9100775193798449,0.9432794526522381,0.988849765258216,0.9494636423190304,08/11/2025 14:44:19
knn,25,2.4,15,101,0.9595714951094552,0.9800765922717142,0.9100775193798448,0.9432843212014103,0.988849765258216,0.9494636423190304,08/11/2025 14:44:26
knn,25,2.6,15,101,0.9613258810743673,0.9894444444444446,0.9053156146179401,0.9450820336535471,0.9944444444444445,0.9498800295311923,08/11/2025 14:44:31
knn,25,2.8,15,101,0.9613258810743673,0.9798655409631021,0.9148394241417499,0.9460160096879248,0.988849765258216,0.9518445946999827,08/11/2025 14:44:37
knn,25,3.0,15,101,0.9613258810743673,0.9801219512195122,0.914950166112957,0.9461988030629996,0.988849765258216,0.9518999656855863,08/11/2025 14:44:43
knn,25,3.2,15,101,0.9595559695699427,0.9799816849816849,0.9100775193798449,0.9432875972450627,0.988849765258216,0.9494636423190304,08/11/2025 14:44:49
knn,25,3.4,15,101,0.9613103555348548,0.9849749373433585,0.9100775193798449,0.9455715478623468,0.9916275430359939,0.9508525312079193,08/11/2025 14:44:56
knn,25,3.6,15,101,0.9613103555348548,0.9849749373433585,0.9100775193798449,0.9455715478623468,0.9916275430359939,0.9508525312079193,08/11/2025 14:45:02
knn,25,3.8,15,101,0.9578015836050303,0.9799749373433585,0.9053156146179402,0.940693499081859,0.988849765258216,0.947082689938078,08/11/2025 14:45:08
knn,25,4.0,15,101,0.9525384257102933,0.9703349838009657,0.9006644518272425,0.9336927228677588,0.9832159624413146,0.9419402071342786,08/11/2025 14:45:17
knn,25,4.2,15,101,0.9543083372147182,0.9703349838009657,0.9054263565891473,0.9364191104042728,0.9832159624413146,0.944321159515231,08/11/2025 14:45:21
knn,25,4.4,15,101,0.9543083372147182,0.9703349838009657,0.9054263565891473,0.9364191104042728,0.9832159624413146,0.944321159515231,08/11/2025 14:45:29
knn,25,4.6,15,101,0.9560627231796305,0.9704511278195488,0.9100775193798449,0.9388840963986705,0.9832159624413146,0.9466467409105798,08/11/2025 14:45:35
knn,25,4.8,15,101,0.9543083372147182,0.9703088803088804,0.9053156146179401,0.9361625774113287,0.9832159624413146,0.9442657885296274,08/11/2025 14:45:41
knn,25,5.0,15,101,0.9525539512498058,0.9656542967436481,0.9053156146179402,0.9339907900708665,0.980399061032864,0.942857337825402,08/11/2025 14:45:47
knn,25,5.2,15,101,0.9507995652848937,0.9654328128012338,0.9006644518272425,0.931528409769909,0.980399061032864,0.9405317564300532,08/11/2025 14:45:52
knn,25,5.4,15,101,0.9507995652848937,0.9654328128012338,0.9006644518272425,0.931528409769909,0.980399061032864,0.9405317564300532,08/11/2025 14:45:59
knn,25,5.6,15,101,0.9507995652848937,0.9654328128012338,0.9006644518272425,0.931528409769909,0.980399061032864,0.9405317564300532,08/11/2025 14:46:05
knn,25,5.8,15,101,0.9507995652848937,0.9603046076730287,0.9054263565891473,0.9318409586056646,0.9775821596244132,0.9415042581067802,08/11/2025 14:46:10
knn,25,6.0,15,101,0.9507995652848937,0.9603046076730287,0.9054263565891473,0.9318409586056646,0.9775821596244132,0.9415042581067802,08/11/2025 14:46:17
knn,25,6.2,15,101,0.9507995652848937,0.9603046076730287,0.9054263565891473,0.9318409586056646,0.9775821596244132,0.9415042581067802,08/11/2025 14:46:23
knn,25,6.4,15,101,0.9507995652848937,0.9603046076730287,0.9054263565891473,0.9318409586056646,0.9775821596244132,0.9415042581067802,08/11/2025 14:46:28
knn,25,6.6,15,101,0.9507995652848937,0.9603046076730287,0.9054263565891473,0.9318409586056646,0.9775821596244132,0.9415042581067802,08/11/2025 14:46:33
knn,25,6.8,15,101,0.9525694767893185,0.9654328128012338,0.9054263565891473,0.9341866376180101,0.980399061032864,0.9429127088110055,08/11/2025 14:46:38
knn,25,7.0,15,101,0.9525694767893185,0.9654328128012338,0.9054263565891473,0.9341866376180101,0.980399061032864,0.9429127088110055,08/11/2025 14:46:44
knn,25,7.2,15,101,0.9525694767893185,0.9654328128012338,0.9054263565891473,0.9341866376180101,0.980399061032864,0.9429127088110055,08/11/2025 14:46:50
knn,25,7.4,15,101,0.9525694767893185,0.9613202586886798,0.9100775193798449,0.9344570906267998,0.9775821596244132,0.943829839502129,08/11/2025 14:46:56
knn,25,7.6,15,101,0.9525694767893185,0.9613202586886798,0.9100775193798449,0.9344570906267998,0.9775821596244132,0.943829839502129,08/11/2025 14:47:01
knn,25,7.8,15,101,0.9525694767893185,0.9613202586886798,0.9100775193798449,0.9344570906267998,0.9775821596244132,0.943829839502129,08/11/2025 14:47:09
knn,25,8.0,15,101,0.9525694767893185,0.9613202586886798,0.9100775193798449,0.9344570906267998,0.9775821596244132,0.943829839502129,08/11/2025 14:47:15
knn,25,8.2,15,101,0.9525694767893185,0.9613202586886798,0.9100775193798449,0.9344570906267998,0.9775821596244132,0.943829839502129,08/11/2025 14:47:22
knn,25,8.4,15,101,0.9525694767893185,0.9613202586886798,0.9100775193798449,0.9344570906267998,0.9775821596244132,0.943829839502129,08/11/2025 14:47:27
knn,25,8.6,15,101,0.9525694767893185,0.9613202586886798,0.9100775193798449,0.9344570906267998,0.9775821596244132,0.943829839502129,08/11/2025 14:47:32
knn,25,8.8,15,101,0.9525694767893185,0.9613202586886798,0.9100775193798449,0.9344570906267998,0.9775821596244132,0.943829839502129,08/11/2025 14:47:37
knn,25,9.0,15,101,0.9525694767893185,0.9613202586886798,0.9100775193798449,0.9344570906267998,0.9775821596244132,0.943829839502129,08/11/2025 14:47:42
knn,25,9.2,15,101,0.9525694767893185,0.9613202586886798,0.9100775193798449,0.9344570906267998,0.9775821596244132,0.943829839502129,08/11/2025 14:47:48
knn,25,9.4,15,101,0.9525694767893185,0.9613202586886798,0.9100775193798449,0.9344570906267998,0.9775821596244132,0.943829839502129,08/11/2025 14:47:52
knn,25,9.6,15,101,0.9508150908244062,0.9563270063270064,0.9100775193798449,0.9321731400095159,0.9748043818466353,0.9424409506132403,08/11/2025 14:47:58
knn,25,9.8,15,101,0.9508150908244062,0.9563270063270064,0.9100775193798449,0.9321731400095159,0.9748043818466353,0.9424409506132403,08/11/2025 14:48:04
knn,25,10.0,15,101,0.9508150908244062,0.9563270063270064,0.9100775193798449,0.9321731400095159,0.9748043818466353,0.9424409506132403,08/11/2025 14:48:08
logistic,25,0.0,15,101,0.9771308802980903,0.9813953488372092,0.9573643410852715,0.9688215515962619,0.988849765258216,0.9731070531717437,08/11/2025 14:43:49
logistic,25,0.2,15,101,0.9736376339077782,0.9857142857142858,0.9431893687707641,0.9636570183629007,0.9916275430359939,0.9674084559033789,08/11/2025 14:44:01
logistic,25,0.4,15,101,0.9736376339077782,0.9903600464576074,0.9385382059800664,0.9635429486386254,0.9944053208137715,0.966471763396919,08/11/2025 14:44:13
logistic,25,0.6,15,101,0.9701133364384411,0.9902380952380951,0.9290143964562569,0.958423174147708,0.9944053208137715,0.9617098586350142,08/11/2025 14:44:23
logistic,25,0.8,15,101,0.9648191274646795,0.9855869324473975,0.9193798449612404,0.9504910728861983,0.9915884194053209,0.9554841321832805,08/11/2025 14:44:36
logistic,25,1.0,15,101,0.9665735134295916,0.9856976744186046,0.924031007751938,0.9528987336249124,0.9915884194053209,0.9578097135786294,08/11/2025 14:44:46
logistic,25,1.2,15,101,0.9666200900481291,0.975890775890776,0.9336655592469546,0.9539458593143515,0.9859937402190923,0.9598296497330235,08/11/2025 14:44:59
logistic,25,1.4,15,101,0.9630957925787922,0.9710015178619829,0.9287929125138428,0.9487540094588036,0.9831768388106417,0.9559848756622422,08/11/2025 14:45:12
logistic,25,1.6,15,101,0.9613414066138798,0.9667590936195587,0.9287929125138428,0.9465596520920325,0.9803599374021911,0.9545764249580169,08/11/2025 14:45:25
logistic,25,1.8,15,101,0.9542928116752056,0.9574312170720025,0.9192691029900333,0.936820507963558,0.9747261345852894,0.9469976187876613,08/11/2025 14:45:36
logistic,25,2.0,15,101,0.9542928116752056,0.9574312170720025,0.9192691029900333,0.936820507963558,0.9747261345852894,0.9469976187876613,08/11/2025 14:45:45
logistic,25,2.2,15,101,0.9507840397453812,0.9455368071341143,0.924031007751938,0.9330202796908715,0.9662754303599375,0.9451532190559376,08/11/2025 14:45:56
logistic,25,2.4,15,101,0.9472752678155567,0.9494600190252365,0.9100775193798449,0.9280509962483073,0.9690532081377151,0.9395653637587802,08/11/2025 14:46:06
logistic,25,2.6,15,101,0.9332246545567457,0.9298392717842351,0.891140642303433,0.9087264880308756,0.9578638497652582,0.9245022460343456,08/11/2025 14:46:15
logistic,25,2.8,15,101,0.9226983387672721,0.9161763336127633,0.8771871539313401,0.8948731351944202,0.9494522691705789,0.9133197115509596,08/11/2025 14:46:23
logistic,25,3.0,15,101,0.924437199192672,0.9206885287347145,0.8770764119601328,0.896990314713892,0.9522691705790297,0.9146727912695812,08/11/2025 14:46:32
logistic,25,3.2,15,101,0.9191740412979351,0.9206325962205021,0.8627906976744185,0.8886496196919313,0.9522691705790297,0.9075299341267241,08/11/2025 14:46:40
logistic,25,3.4,15,101,0.9156652693681104,0.9138588228813793,0.8627906976744185,0.8848815037499025,0.9466353677621283,0.9047130327182735,08/11/2025 14:46:47
logistic,25,3.6,15,101,0.9226828132277596,0.9438004015667687,0.8441860465116278,0.8905170333240509,0.9691705790297339,0.906678312770681,08/11/2025 14:46:56
logistic,25,3.8,15,101,0.9103710603943487,0.921459031856978,0.8299003322259135,0.8730097190038532,0.957981220657277,0.8939407764415952,08/11/2025 14:47:03
logistic,25,4.0,15,101,0.9033535165346995,0.9150224275256367,0.8157253599114064,0.8621142609539234,0.9552034428794991,0.8854644013954527,08/11/2025 14:47:11
logistic,25,4.2,15,101,0.9051079024996118,0.9154986180018272,0.8204872646733111,0.8651112639509264,0.9552034428794991,0.887845353776405,08/11/2025 14:47:18
logistic,25,4.4,15,101,0.8980903586399627,0.9091504662557295,0.8064230343300111,0.854504424709549,0.9524256651017213,0.8794243497158662,08/11/2025 14:47:26
logistic,25,4.6,15,101,0.8945660611706255,0.8996647679574508,0.806312292358804,0.8501491099206444,0.9467918622848199,0.876552077321812,08/11/2025 14:47:32
logistic,25,4.8,15,101,0.8875485173109764,0.8894493980501684,0.7971207087486156,0.8405442814725514,0.9411580594679185,0.8691393841082672,08/11/2025 14:47:37
logistic,25,5.0,15,101,0.8857941313460642,0.8742198347802915,0.8157253599114064,0.8425195901145269,0.927073552425665,0.8713994561685358,08/11/2025 14:47:43
logistic,25,5.2,15,101,0.8787765874864151,0.8743200987103427,0.7877076411960132,0.8284556738776148,0.9328247261345852,0.8602661836652992,08/11/2025 14:47:48
logistic,25,5.4,15,101,0.8770222015215028,0.873832293832294,0.7830564784053156,0.825759173590753,0.9328247261345852,0.8579406022699505,08/11/2025 14:47:54
logistic,25,5.6,15,101,0.8787765874864151,0.8825850141639615,0.7784053156146179,0.8271611975018376,0.9383411580594678,0.8583732368370429,08/11/2025 14:47:59
logistic,25,5.8,15,101,0.8787765874864151,0.8782930298719773,0.7830564784053156,0.827846218441511,0.9355633802816901,0.8593099293435028,08/11/2025 14:48:04
logistic,25,6.0,15,101,0.8805309734513275,0.8830978346767819,0.7830564784053156,0.8299234660883789,0.9383411580594678,0.8606988182323917,08/11/2025 14:48:09
logistic,25,6.2,15,101,0.8700046576618539,0.8716936832726306,0.7643410852713177,0.8142402424891877,0.9327856025039123,0.8485633438876151,08/11/2025 14:48:14
logistic,25,6.4,15,101,0.8700046576618539,0.8716936832726306,0.7643410852713177,0.8142402424891877,0.9327856025039123,0.8485633438876151,08/11/2025 14:48:20
logistic,25,6.6,15,101,0.8647259742276046,0.8746632080997406,0.7452934662236987,0.8044022092267706,0.9356025039123631,0.8404479850680309,08/11/2025 14:48:25
logistic,25,6.8,15,101,0.8646949231485793,0.8615088248524782,0.7592469545957918,0.8066023879593949,0.9271909233176838,0.8432189389567377,08/11/2025 14:48:32
logistic,25,7.0,15,101,0.8629405371836671,0.8605130922777982,0.7545957918050942,0.8035159682063086,0.9271909233176838,0.840893357561389,08/11/2025 14:48:37
logistic,25,7.2,15,101,0.8576773792889304,0.8578043593833069,0.740420819490587,0.7940986497108199,0.9271909233176838,0.8338058714041352,08/11/2025 14:48:42
logistic,25,7.4,15,101,0.855922993324018,0.8534500050289523,0.740420819490587,0.7922632066728452,0.9243740219092332,0.8323974206999101,08/11/2025 14:48:47
logistic,25,7.6,15,101,0.8559385188635303,0.8533600296448594,0.740420819490587,0.792359321084749,0.9244131455399061,0.8324169825152465,08/11/2025 14:48:52
logistic,25,7.8,15,101,0.8682192206179165,0.853526999316473,0.7826135105204873,0.8156472823672658,0.9188184663536776,0.8507159884370823,08/11/2025 14:48:57
logistic,25,8.0,15,101,0.8664493091134917,0.8484476342371078,0.7826135105204873,0.8135160802360636,0.9160015649452268,0.8493075377328569,08/11/2025 14:49:02
logistic,25,8.2,15,101,0.8488899239248564,0.8380177065265986,0.740531561461794,0.7849460773020777,0.9132237871674491,0.8268776743146216,08/11/2025 14:49:07
logistic,25,8.4,15,101,0.8541530818195934,0.8390938958380818,0.7542635658914729,0.7937076715941855,0.9132237871674491,0.833743676529461,08/11/2025 14:49:12
logistic,25,8.6,15,101,0.8559074677845055,0.8399832467274326,0.7590254706533777,0.7966528433157285,0.9132237871674491,0.8361246289104134,08/11/2025 14:49:17
logistic,25,8.8,15,101,0.848874398385344,0.8376015761104678,0.7403100775193799,0.7848022282574958,0.9132237871674491,0.8267669323434145,08/11/2025 14:49:21
logistic,25,9.0,15,101,0.850628784350256,0.8382021767110686,0.7449612403100776,0.7877769118017997,0.9132237871674491,0.8290925137387634,08/11/2025 14:49:32
logistic,25,9.2,15,101,0.8524142213941934,0.8385646968878302,0.7497231450719823,0.7909600477042338,0.9132237871674491,0.8314734661197157,08/11/2025 14:49:40
logistic,25,9.4,15,101,0.8506598354292813,0.834970616549564,0.7497231450719823,0.7891423519009726,0.9104068857589983,0.8300650154154905,08/11/2025 14:49:48
logistic,25,9.6,15,101,0.8506598354292813,0.834970616549564,0.7497231450719823,0.7891423519009726,0.9104068857589983,0.8300650154154905,08/11/2025 14:49:54
logistic,25,9.8,15,101,0.8506598354292813,0.834970616549564,0.7497231450719823,0.7891423519009726,0.9104068857589983,0.8300650154154905,08/11/2025 14:50:01
logistic,25,10.0,15,101,0.8436422915696321,0.8348068924539511,0.7260243632336655,0.7752726861458971,0.9131846635367762,0.8196045133852209,08/11/2025 14:50:08
knn,25,0.0,5,101,0.9718677224033534,0.9900856793145655,0.9335548172757475,0.9605884886254243,0.9944053208137715,0.9639800690447595,08/11/2025 14:48:35
knn,25,0.2,5,101,0.9701133364384411,0.9852076305340777,0.9336655592469546,0.9583580167847469,0.9916275430359939,0.9626465511414741,08/11/2025 14:48:39
knn,25,0.4,5,101,0.9701133364384411,0.9852076305340777,0.9336655592469546,0.9583580167847469,0.9916275430359939,0.9626465511414741,08/11/2025 14:48:43
knn,25,0.6,5,101,0.9718677224033534,0.9853425833006094,0.9384274640088593,0.9610123377724011,0.9916275430359939,0.9650275035224265,08/11/2025 14:48:49
knn,25,0.8,5,101,0.9683589504735289,0.9852318413294023,0.9291251384274641,0.9561376661329414,0.9916275430359939,0.9603763407317288,08/11/2025 14:48:55
knn,25,1.0,5,101,0.9683589504735289,0.9850968885628706,0.929014396456257,0.9559503560460328,0.9916275430359939,0.9603209697461252,08/11/2025 14:49:01
knn,25,1.2,5,101,0.9701133364384413,0.9899937460913071,0.9291251384274641,0.9584345849004483,0.9944444444444445,0.9617847914359542,08/11/2025 14:49:08
knn,25,1.4,5,101,0.9683589504735289,0.9898717948717948,0.9243632336655594,0.9559074030021234,0.9944444444444445,0.9594038390550018,08/11/2025 14:49:13
knn,25,1.6,5,101,0.9666045645086166,0.9897368421052632,0.9196013289036546,0.9532530820144691,0.9944444444444445,0.9570228866740494,08/11/2025 14:49:17
knn,25,1.8,5,101,0.9666045645086166,0.9897368421052632,0.9196013289036546,0.9532530820144691,0.9944444444444445,0.9570228866740494,08/11/2025 14:49:25
knn,25,2.0,5,101,0.9683744760130415,0.9897368421052632,0.9243632336655594,0.9558456746070616,0.9944444444444445,0.9594038390550018,08/11/2025 14:49:35
knn,25,2.2,5,101,0.9613103555348548,0.9897368421052632,0.9054263565891473,0.9453412847315287,0.9944444444444445,0.9499354005167959,08/11/2025 14:49:42
knn,25,2.4,5,101,0.9613103555348548,0.9897368421052632,0.9054263565891473,0.9453412847315287,0.9944444444444445,0.9499354005167959,08/11/2025 14:49:49
knn,25,2.6,5,101,0.9630647414997672,0.9844736842105263,0.9148394241417499,0.948253082014469,0.9916275430359939,0.9532334835888717,08/11/2025 14:49:54
knn,25,2.8,5,101,0.9665735134295916,0.984608636977058,0.9242524916943523,0.9533744139028691,0.9916275430359939,0.9579400173651729,08/11/2025 14:50:00
knn,25,3.0,5,101,0.9630647414997672,0.984608636977058,0.914950166112957,0.9483802211037983,0.9916275430359939,0.9532888545744752,08/11/2025 14:50:06
knn,25,3.2,5,101,0.9666045645086166,0.9898717948717948,0.9197120708748617,0.9533802211037983,0.9944444444444445,0.957078257659653,08/11/2025 14:50:11
knn,25,3.4,5,101,0.9666045645086166,0.9898717948717948,0.9197120708748617,0.9533802211037983,0.9944444444444445,0.957078257659653,08/11/2025 14:50:15
knn,25,3.6,5,101,0.9666045645086166,0.9898717948717948,0.9197120708748617,0.9533802211037983,0.9944444444444445,0.957078257659653,08/11/2025 14:50:19
knn,25,3.8,5,101,0.9666045645086166,0.9898717948717948,0.9197120708748617,0.9533802211037983,0.9944444444444445,0.957078257659653,08/11/2025 14:50:23
knn,25,4.0,5,101,0.9666045645086166,0.9898717948717948,0.9197120708748617,0.9533802211037983,0.9944444444444445,0.957078257659653,08/11/2025 14:50:26
knn,25,4.2,5,101,0.9648346530041918,0.9898717948717948,0.914950166112957,0.950721993255697,0.9944444444444445,0.9546973052787007,08/11/2025 14:50:31
knn,25,4.4,5,101,0.9648346530041918,0.9898717948717948,0.914950166112957,0.950721993255697,0.9944444444444445,0.9546973052787007,08/11/2025 14:50:34
knn,25,4.6,5,101,0.9648346530041918,0.9898717948717948,0.914950166112957,0.950721993255697,0.9944444444444445,0.9546973052787007,08/11/2025 14:50:38
knn,25,4.8,5,101,0.9648346530041918,0.9898717948717948,0.914950166112957,0.950721993255697,0.9944444444444445,0.9546973052787007,08/11/2025 14:50:42
knn,25,5.0,5,101,0.9648346530041918,0.9898717948717948,0.914950166112957,0.950721993255697,0.9944444444444445,0.9546973052787007,08/11/2025 14:50:45
knn,25,5.2,5,101,0.9648346530041918,0.9898717948717948,0.914950166112957,0.950721993255697,0.9944444444444445,0.9546973052787007,08/11/2025 14:50:48
knn,25,5.4,5,101,0.9648346530041918,0.9898717948717948,0.914950166112957,0.950721993255697,0.9944444444444445,0.9546973052787007,08/11/2025 14:50:54
knn,25,5.6,5,101,0.9665890389691041,0.9898717948717948,0.9196013289036543,0.9531309568411311,0.9944444444444445,0.9570228866740494,08/11/2025 14:50:56
knn,25,5.8,5,101,0.9683589504735289,0.9898717948717948,0.9243632336655592,0.9557891846892325,0.9944444444444445,0.9594038390550018,08/11/2025 14:51:00
knn,25,6.0,5,101,0.9666045645086168,0.9948717948717949,0.9148394241417497,0.9528870544021067,0.9972222222222221,0.9560308231819861,08/11/2025 14:51:03
knn,25,6.2,5,101,0.9666045645086168,0.9948717948717949,0.9148394241417497,0.9528870544021067,0.9972222222222221,0.9560308231819861,08/11/2025 14:51:07
knn,25,6.4,5,101,0.9666045645086168,0.9948717948717949,0.9148394241417497,0.9528870544021067,0.9972222222222221,0.9560308231819861,08/11/2025 14:51:10
knn,25,6.6,5,101,0.9666045645086168,0.9948717948717949,0.9148394241417497,0.9528870544021067,0.9972222222222221,0.9560308231819861,08/11/2025 14:51:15
knn,25,6.8,5,101,0.9666045645086168,0.9948717948717949,0.9148394241417497,0.9528870544021067,0.9972222222222221,0.9560308231819861,08/11/2025 14:51:21
knn,25,7.0,5,101,0.9701133364384413,0.9948717948717949,0.9243632336655592,0.9581378748428007,0.9972222222222221,0.9607927279438908,08/11/2025 14:51:27
knn,25,7.2,5,101,0.9701133364384413,0.9948717948717949,0.9243632336655592,0.9581378748428007,0.9972222222222221,0.9607927279438908,08/11/2025 14:51:32
knn,25,7.4,5,101,0.9701133364384413,0.9948717948717949,0.9243632336655592,0.9581378748428007,0.9972222222222221,0.9607927279438908,08/11/2025 14:51:38
knn,25,7.6,5,101,0.9701133364384413,0.9948717948717949,0.9243632336655592,0.9581378748428007,0.9972222222222221,0.9607927279438908,08/11/2025 14:51:42
knn,25,7.8,5,101,0.9701133364384413,0.9948717948717949,0.9243632336655592,0.9581378748428007,0.9972222222222221,0.9607927279438908,08/11/2025 14:51:47
knn,25,8.0,5,101,0.9701133364384413,0.9948717948717949,0.9243632336655592,0.9581378748428007,0.9972222222222221,0.9607927279438908,08/11/2025 14:51:52
knn,25,8.2,5,101,0.9701133364384413,0.9948717948717949,0.9243632336655592,0.9581378748428007,0.9972222222222221,0.9607927279438908,08/11/2025 14:51:57
knn,25,8.4,5,101,0.9701133364384413,0.9948717948717949,0.9243632336655592,0.9581378748428007,0.9972222222222221,0.9607927279438908,08/11/2025 14:52:02
knn,25,8.6,5,101,0.9701133364384413,0.9948717948717949,0.9243632336655592,0.9581378748428007,0.9972222222222221,0.9607927279438908,08/11/2025 14:52:06
knn,25,8.8,5,101,0.9701133364384413,0.9948717948717949,0.9243632336655592,0.9581378748428007,0.9972222222222221,0.9607927279438908,08/11/2025 14:52:10
knn,25,9.0,5,101,0.9701133364384413,0.9948717948717949,0.9243632336655592,0.9581378748428007,0.9972222222222221,0.9607927279438908,08/11/2025 14:52:16
knn,25,9.2,5,101,0.9701133364384413,0.9948717948717949,0.9243632336655592,0.9581378748428007,0.9972222222222221,0.9607927279438908,08/11/2025 14:52:21
knn,25,9.4,5,101,0.9701133364384413,0.9948717948717949,0.9243632336655592,0.9581378748428007,0.9972222222222221,0.9607927279438908,08/11/2025 14:52:26
knn,25,9.6,5,101,0.9701133364384413,0.9948717948717949,0.9243632336655592,0.9581378748428007,0.9972222222222221,0.9607927279438908,08/11/2025 14:52:31
knn,25,9.8,5,101,0.9701133364384413,0.9948717948717949,0.9243632336655592,0.9581378748428007,0.9972222222222221,0.9607927279438908,08/11/2025 14:52:36
knn,25,10.0,5,101,0.9701133364384413,0.9948717948717949,0.9243632336655592,0.9581378748428007,0.9972222222222221,0.9607927279438908,08/11/2025 14:52:41
svm,25,0.0,15,101,0.9771464058376027,0.9765173000567214,0.9621262458471762,0.9691242257073405,0.9860328638497652,0.9740795548484706,08/11/2025 14:43:43
svm,25,0.2,15,101,0.9736376339077782,0.9807146908678389,0.9479512735326688,0.9639024166062551,0.988849765258216,0.9684005193954425,08/11/2025 14:43:45
svm,25,0.4,15,101,0.9771464058376027,0.9857142857142858,0.9527131782945737,0.9687789695824129,0.9916275430359939,0.9721703606652836,08/11/2025 14:43:48
svm,25,0.6,15,101,0.9771619313771154,0.9813852813852814,0.9573643410852715,0.9689412413876868,0.9888106416275431,0.9730874913564073,08/11/2025 14:43:49
svm,25,0.8,15,101,0.9578481602235677,0.9578147401007371,0.9286821705426357,0.9418920470858454,0.9748043818466353,0.9517432761946356,08/11/2025 14:43:52
svm,25,1.0,15,101,0.9578171091445427,0.9514683922349427,0.9383167220376523,0.9429410805302094,0.9690923317683883,0.9537045269030202,08/11/2025 14:43:54
svm,25,1.2,15,101,0.9578481602235678,0.9503407910018951,0.9384274640088593,0.9432794526522379,0.9691314553990612,0.9537794597039602,08/11/2025 14:43:58
svm,25,1.4,15,101,0.9560316721006054,0.9613469405758268,0.9192691029900331,0.938902262789588,0.9775821596244132,0.9484256313072231,08/11/2025 14:44:01
svm,25,1.6,15,101,0.9384878124514827,0.9415014809751652,0.8909191583610188,0.9142174863675878,0.966510172143975,0.9287146652524969,08/11/2025 14:44:04
svm,25,1.8,15,101,0.9367023754075452,0.9276018876018876,0.9004429678848282,0.9130821397575841,0.9580594679186228,0.9292512179017256,08/11/2025 14:44:08
svm,25,2.0,15,101,0.9437199192671946,0.9463863487547698,0.9004429678848285,0.9220078075856911,0.9691705790297341,0.9348067734572811,08/11/2025 14:44:12
svm,25,2.2,15,101,0.9349635149821456,0.9321079308288611,0.8909191583610188,0.9099962469692098,0.9608372456964005,0.9258782020287096,08/11/2025 14:44:16
svm,25,2.4,15,101,0.9244216736531594,0.9127730284676201,0.8815060908084164,0.8959346344923625,0.9496478873239438,0.91557698906618,08/11/2025 14:44:22
svm,25,2.6,15,101,0.931516845210371,0.9105583106702927,0.9053156146179402,0.907124183006536,0.946830985915493,0.9260733002667166,08/11/2025 14:44:27
svm,25,2.8,15,101,0.9332557056357708,0.9074367802418394,0.9148394241417497,0.9107242702815691,0.9440140845070422,0.9294267543243959,08/11/2025 14:44:33
svm,25,3.0,15,101,0.9209284272628473,0.906381377707454,0.8816168327796234,0.8923414512561798,0.9440140845070424,0.9128154586433329,08/11/2025 14:44:44
svm,25,3.2,15,101,0.9209284272628475,0.9146430847780096,0.8722037652270209,0.8912595207758885,0.9495696400625977,0.9108867026448095,08/11/2025 14:44:53
svm,25,3.4,15,101,0.9297158826269213,0.9111177986945839,0.9005537098560354,0.9047135177592974,0.9467527386541471,0.9236532242550911,08/11/2025 14:45:04
svm,25,3.6,15,101,0.9279614966620089,0.9106299938165352,0.8957918050941307,0.9020100208448101,0.9467527386541471,0.9212722718741387,08/11/2025 14:45:15
svm,25,3.8,15,101,0.9262071106970968,0.8993689898505128,0.9053156146179402,0.9012936668920443,0.9383802816901408,0.9218479481540405,08/11/2025 14:45:28
svm,25,4.0,15,101,0.9191274646793977,0.8875486588812457,0.9005537098560354,0.8926665197914373,0.9299295774647888,0.915241643660412,08/11/2025 14:45:39
svm,25,4.2,15,101,0.9243906225741345,0.9096547370848848,0.891140642303433,0.8978938414893471,0.9438184663536777,0.9174795543285553,08/11/2025 14:45:48
svm,25,4.4,15,101,0.915618692749573,0.8901118210079508,0.8864894795127354,0.8866124685413075,0.9326682316118937,0.9095788555623144,08/11/2025 14:46:00
svm,25,4.6,15,101,0.9086166744294365,0.8789250217485455,0.8769656699889257,0.8772279282083204,0.9272300469483568,0.9020978584686414,08/11/2025 14:46:18
svm,25,4.8,15,101,0.9086011488899238,0.8698702525635582,0.891140642303433,0.8791650709776307,0.9188184663536777,0.9049795543285553,08/11/2025 14:46:28
svm,25,5.0,15,101,0.9138953578636857,0.878317513993545,0.8959025470653378,0.8857880539202878,0.9244131455399062,0.910157846302622,08/11/2025 14:46:44
svm,25,5.2,15,101,0.9103865859338611,0.8735556092316402,0.8912513842746401,0.8810821715673466,0.9215962441314554,0.9064238142030477,08/11/2025 14:46:59
svm,25,5.4,15,101,0.8980437820214252,0.8909937430990063,0.8301218161683279,0.8580297904625309,0.9384976525821596,0.8843097343752436,08/11/2025 14:47:14
svm,25,5.6,15,101,0.8927806241266885,0.8854982971671033,0.8207087486157253,0.8505087820591697,0.9357198748043818,0.8782143117100535,08/11/2025 14:47:29
svm,25,5.8,15,101,0.8945194845520883,0.8642396267594968,0.853266888150609,0.857691975258623,0.9188184663536777,0.8860426772521433,08/11/2025 14:47:45
svm,25,6.0,15,101,0.8892563266573514,0.8541056499543762,0.8486157253599114,0.850915765144492,0.913262910798122,0.8809393180790167,08/11/2025 14:47:59
svm,25,6.2,15,101,0.8875019406924392,0.8532197141847193,0.8438538205980066,0.8481146446963127,0.913262910798122,0.8785583656980643,08/11/2025 14:48:13
svm,25,6.4,15,101,0.8910107126222636,0.8649991628062732,0.8390919158361019,0.8512098827915506,0.9215962441314554,0.8803440799837785,08/11/2025 14:48:25
svm,25,6.6,15,101,0.8962738705170004,0.8743674226215946,0.8439645625692138,0.8584244612278701,0.9271517996870109,0.8855581811281124,08/11/2025 14:48:46
svm,25,6.8,15,101,0.8980282564819128,0.8932563115104835,0.8253599114064232,0.8573312506409885,0.9412363067292644,0.8832981090678438,08/11/2025 14:49:00
svm,25,7.0,15,101,0.9015525539512499,0.9024517012321891,0.8253599114064232,0.8615307254064817,0.946830985915493,0.886095448660958,08/11/2025 14:49:11
svm,25,7.2,15,101,0.9015836050302749,0.8988244341902878,0.8301218161683277,0.8623041896337611,0.9440532081377151,0.8870875121530215,08/11/2025 14:49:32
svm,25,7.4,15,101,0.9033379909951871,0.9022906449735718,0.8299003322259135,0.8638133195200481,0.9469092331768388,0.8884047827013763,08/11/2025 14:49:54
svm,25,7.6,15,101,0.9033069399161622,0.9110660137489406,0.820376522702104,0.8622708707202154,0.9525039123630673,0.8864402175325857,08/11/2025 14:50:10
svm,25,7.8,15,101,0.8997981679863376,0.9101393728222996,0.8108527131782945,0.8563527382198044,0.9525039123630673,0.881678312770681,08/11/2025 14:50:31
svm,25,8.0,15,101,0.9051079024996118,0.9114927562809463,0.8251384274640088,0.8651189719860384,0.9525039123630673,0.8888211699135381,08/11/2025 14:50:44
svm,25,8.2,15,101,0.9033535165346998,0.9064133912015813,0.8251384274640088,0.8629877698548359,0.9497261345852894,0.8874322810246491,08/11/2025 14:51:03
svm,25,8.4,15,101,0.8945815867101382,0.8821239855168266,0.8299003322259135,0.8541793233993307,0.9330594679186228,0.8814799000722682,08/11/2025 14:51:16
svm,25,8.6,15,101,0.8980903586399627,0.8870020342973145,0.8346622369878183,0.8589986005077644,0.9358372456964006,0.8852497413421094,08/11/2025 14:51:31
svm,25,8.8,15,101,0.8945815867101382,0.8818295739348372,0.8299003322259135,0.8540774031131442,0.9330594679186228,0.8814799000722682,08/11/2025 14:51:48
svm,25,9.0,15,101,0.8822543083372146,0.8629238581422358,0.8159468438538205,0.8374632254402699,0.9217527386541471,0.8688497912539838,08/11/2025 14:52:02
svm,25,9.2,15,101,0.8875640428504891,0.8796925239929092,0.8111849390919158,0.8430514607343875,0.9330203442879499,0.8721026416899328,08/11/2025 14:52:16
svm,25,9.4,15,101,0.8875640428504891,0.8763810689514484,0.8158361018826135,0.8437797520509142,0.9302425665101721,0.8730393341963929,08/11/2025 14:52:35
svm,25,9.6,15,101,0.8840397453811519,0.8675480106960538,0.8159468438538205,0.8397527195511673,0.9246087636932707,0.8702778037735456,08/11/2025 14:52:48
svm,25,9.8,15,101,0.8857941313460642,0.8677802987332199,0.8205980066445182,0.8422737279545286,0.9246087636932707,0.8726033851688945,08/11/2025 14:53:06
svm,25,10.0,15,101,0.8945660611706258,0.8954136776661885,0.8110741971207087,0.8495802295025163,0.9440532081377151,0.877563702629212,08/11/2025 14:53:20
svm,25,0.0,5,101,0.9771464058376027,0.9765173000567214,0.9621262458471762,0.9691242257073405,0.9860328638497652,0.9740795548484706,08/11/2025 14:53:43
svm,25,0.2,5,101,0.971852196863841,0.975934917795383,0.947951273532669,0.9615459005951207,0.9860328638497652,0.9669920686912171,08/11/2025 14:53:45
svm,25,0.4,5,101,0.9771464058376029,0.9810631229235881,0.9573643410852715,0.9688931357854932,0.988849765258216,0.9731070531717437,08/11/2025 14:53:48
svm,25,0.6,5,101,0.9771619313771154,0.9810631229235881,0.9573643410852715,0.9689540841861419,0.988849765258216,0.9731070531717437,08/11/2025 14:53:51
svm,25,0.8,5,101,0.9754075454122031,0.9771670190274842,0.9574750830564784,0.9668773465143289,0.9860719874804381,0.9717735352684583,08/11/2025 14:53:53
svm,25,1.0,5,101,0.9754075454122031,0.9771670190274842,0.9574750830564784,0.9668773465143289,0.9860719874804381,0.9717735352684583,08/11/2025 14:53:55
svm,25,1.2,5,101,0.9701288619779536,0.9598814229249012,0.9620155038759691,0.9602262498091193,0.9748043818466353,0.9684099428613022,08/11/2025 14:53:58
svm,25,1.4,5,101,0.9683744760130415,0.9559961315280464,0.9620155038759691,0.9581288715319658,0.9719874804381847,0.9670014921570769,08/11/2025 14:54:00
svm,25,1.6,5,101,0.9701288619779538,0.9654707884288145,0.9573643410852715,0.9604498499741411,0.9775039123630673,0.9674341267241694,08/11/2025 14:54:03
svm,25,1.8,5,101,0.9630957925787922,0.9508904232828032,0.9526024363233667,0.9508985105354929,0.9691705790297341,0.9608865076765503,08/11/2025 14:54:05
svm,25,2.0,5,101,0.964834653004192,0.9504683637767959,0.9572535991140644,0.9531475100311093,0.9691314553990612,0.9631925272565626,08/11/2025 14:54:08
svm,25,2.2,5,101,0.9630957925787922,0.9563953488372092,0.947840531561462,0.9507921085349265,0.9719483568075118,0.9598944441844868,08/11/2025 14:54:10
svm,25,2.4,5,101,0.9595714951094549,0.9507584991733143,0.9434108527131784,0.9463023591256465,0.9691314553990612,0.9562711540561196,08/11/2025 14:54:12
svm,25,2.6,5,101,0.9595714951094549,0.96051459673429,0.9338870431893689,0.9456923240486296,0.9747652582159624,0.9543261507026657,08/11/2025 14:54:14
svm,25,2.8,5,101,0.9613414066138798,0.9568181818181818,0.9433001107419713,0.9485549318001532,0.9719874804381847,0.957643795590078,08/11/2025 14:54:17
svm,25,3.0,5,101,0.956078248719143,0.950535332164808,0.933997785160576,0.9408501162904596,0.9692097026604071,0.9516037439104913,08/11/2025 14:54:20
svm,25,3.2,5,101,0.9560782487191428,0.9580536130536131,0.9245847176079736,0.9401620148519048,0.9748435054773082,0.9497141115426408,08/11/2025 14:54:22
svm,25,3.4,5,101,0.9578015836050303,0.9584199134199135,0.9290143964562569,0.9423527222793411,0.9748435054773082,0.9519289509667826,08/11/2025 14:54:25
svm,25,3.6,5,101,0.9507840397453812,0.9483544131646946,0.9197120708748617,0.9330887577962823,0.9692097026604068,0.9444608867676342,08/11/2025 14:54:27
svm,25,3.8,5,101,0.9543393882937432,0.9406742459740066,0.9387596899224807,0.9393230518144715,0.9635758998435054,0.9511677948829931,08/11/2025 14:54:29
svm,25,4.0,5,101,0.9543393882937432,0.9455522947544945,0.933997785160576,0.9391445600697148,0.9663928012519563,0.950195293206266,08/11/2025 14:54:32
svm,25,4.2,5,101,0.9490607048594939,0.9403083923154701,0.9245847176079736,0.9317443047705467,0.9635758998435054,0.9440803087257394,08/11/2025 14:54:35
svm,25,4.4,5,101,0.9525694767893184,0.9497492804120586,0.9244739756367663,0.936209659528377,0.9691314553990612,0.9468027155179136,08/11/2025 14:54:37
svm,25,4.6,5,101,0.9595870206489675,0.956961778059339,0.9338870431893689,0.9451218816789944,0.9747652582159624,0.9543261507026657,08/11/2025 14:54:39
svm,25,4.8,5,101,0.9543238627542306,0.9575541125541125,0.9196013289036544,0.9373146140127785,0.9747652582159624,0.9471832935598086,08/11/2025 14:54:42
svm,25,5.0,5,101,0.9490607048594939,0.9467106720289094,0.9149501661129568,0.9302399938988641,0.9692097026604071,0.9420799343866818,08/11/2025 14:54:44
svm,25,5.2,5,101,0.9525694767893184,0.9515227021040975,0.9197120708748617,0.9352574155016515,0.9719874804381847,0.9458497756565232,08/11/2025 14:54:47
svm,25,5.4,5,101,0.9473063188945815,0.9424808902574074,0.9150609080841641,0.9284390784107177,0.9664319248826292,0.9407464164833964,08/11/2025 14:54:50
svm,25,5.6,5,101,0.9473063188945815,0.9424808902574074,0.9150609080841641,0.9284390784107177,0.9664319248826292,0.9407464164833964,08/11/2025 14:54:52
svm,25,5.8,5,101,0.9437820214252444,0.9334964628867068,0.9150609080841641,0.9240085175497134,0.9607981220657276,0.9379295150749458,08/11/2025 14:54:55
svm,25,6.0,5,101,0.9314702685918335,0.9185842612671881,0.8961240310077517,0.9069489415424881,0.9524256651017214,0.9242748480547366,08/11/2025 14:54:57
svm,25,6.2,5,101,0.9314702685918336,0.9114606822237674,0.9054263565891472,0.9076759449875442,0.946830985915493,0.9261286712523201,08/11/2025 14:55:00
svm,25,6.4,5,101,0.9402421984163949,0.9209952958423289,0.9194905869324472,0.9196061124033477,0.9523865414710485,0.9359385642017479,08/11/2025 14:55:02
svm,25,6.6,5,101,0.9419965843813072,0.921576015935244,0.9242524916943523,0.9223026126902095,0.9523865414710485,0.9383195165827003,08/11/2025 14:55:06
svm,25,6.8,5,101,0.9402266728768824,0.9213061104021806,0.9194905869324475,0.9195865633074936,0.9523865414710485,0.9359385642017479,08/11/2025 14:55:09
svm,25,7.0,5,101,0.9419810588417947,0.9296227043848246,0.9147286821705427,0.9214017159694535,0.9579812206572772,0.9363549514139098,08/11/2025 14:55:13
svm,25,7.2,5,101,0.9332246545567457,0.9294340455032456,0.8911406423034329,0.9085427048264216,0.9580203442879499,0.9245804932956915,08/11/2025 14:55:15
svm,25,7.4,5,101,0.934979040521658,0.9294510619524801,0.8957918050941306,0.9109605440790647,0.9580594679186231,0.9269256365063768,08/11/2025 14:55:18
svm,25,7.6,5,101,0.934979040521658,0.9334864322669201,0.8911406423034329,0.9106962091404526,0.9608763693270734,0.9260085058152532,08/11/2025 14:55:22
svm,25,7.8,5,101,0.9332091290172334,0.9319552669552669,0.8863787375415282,0.9078362617609637,0.9608372456964005,0.9236079916189643,08/11/2025 14:55:25
svm,25,8.0,5,101,0.934979040521658,0.9372261837236312,0.8864894795127354,0.9101870588812705,0.9636541471048513,0.9250718133087933,08/11/2025 14:55:29
svm,25,8.2,5,101,0.9296693060083838,0.9223753211558089,0.8863787375415282,0.9032370016812454,0.9552425665101723,0.9208106520258502,08/11/2025 14:55:32
svm,25,8.4,5,101,0.9296693060083838,0.9223753211558089,0.8863787375415282,0.9032370016812454,0.9552425665101723,0.9208106520258502,08/11/2025 14:55:36
svm,25,8.6,5,101,0.9279149200434716,0.9180032232216011,0.8864894795127354,0.9011812134815778,0.9524256651017214,0.9194575723072284,08/11/2025 14:55:39
svm,25,8.8,5,101,0.9296693060083838,0.9180463168268046,0.8910299003322258,0.903399273486519,0.9524256651017214,0.9217277827169736,08/11/2025 14:55:42
svm,25,9.0,5,101,0.9226517621487347,0.9095241572824513,0.8815060908084164,0.89386819124374,0.9467918622848203,0.9141489765466183,08/11/2025 14:55:45
svm,25,9.2,5,101,0.924406148113647,0.9098725893382005,0.8862679955703211,0.8964499468375436,0.9467918622848203,0.9165299289275707,08/11/2025 14:55:50
svm,25,9.4,5,101,0.9226517621487347,0.9103211670414575,0.8816168327796234,0.8944201715286052,0.946830985915493,0.9142239093475583,08/11/2025 14:55:55
svm,25,9.6,5,101,0.9208973761838225,0.9095894597243845,0.8768549280177187,0.8915991312700099,0.946830985915493,0.9118429569666059,08/11/2025 14:55:59
svm,25,9.8,5,101,0.9226517621487347,0.9126789162183376,0.8769656699889257,0.8935285799640422,0.9496870109546165,0.9133263404717711,08/11/2025 14:56:04
svm,25,10.0,5,101,0.9191585157584224,0.909047619047619,0.8722037652270209,0.8889374375027173,0.9468701095461658,0.9095369373865936,08/11/2025 14:56:07
logistic,25,0.0,5,101,0.9771308802980903,0.9813953488372092,0.9573643410852715,0.9688215515962619,0.988849765258216,0.9731070531717437,08/11/2025 14:51:26
logistic,25,0.2,5,101,0.9771308802980905,0.9858250276854928,0.9526024363233667,0.9685940377285345,0.9916275430359939,0.9721149896796801,08/11/2025 14:51:38
logistic,25,0.4,5,101,0.9771308802980905,0.9904707884288145,0.947840531561462,0.9683595729627736,0.9944053208137715,0.9711229261876166,08/11/2025 14:51:50
logistic,25,0.6,5,101,0.9753764943331781,0.9903600464576074,0.9431893687707642,0.9659519122240596,0.9944053208137715,0.9687973447922678,08/11/2025 14:52:00
logistic,25,0.8,5,101,0.9701133364384413,0.9854819976771196,0.9337763012181618,0.9587236715301917,0.9916275430359939,0.9627019221270776,08/11/2025 14:52:10
logistic,25,1.0,5,101,0.9718677224033534,0.9855927396483267,0.9384274640088595,0.9611313322689059,0.9916275430359939,0.9650275035224265,08/11/2025 14:52:23
logistic,25,1.2,5,101,0.9718677224033534,0.9855927396483267,0.9384274640088595,0.9611313322689059,0.9916275430359939,0.9650275035224265,08/11/2025 14:52:34
logistic,25,1.4,5,101,0.9701288619779538,0.9766233766233766,0.9431893687707642,0.9592410144134282,0.9860328638497652,0.9646111163102647,08/11/2025 14:52:46
logistic,25,1.6,5,101,0.9683744760130415,0.9766233766233766,0.9385382059800665,0.9567740035126823,0.9860328638497652,0.9622855349149159,08/11/2025 14:52:55
logistic,25,1.8,5,101,0.9648501785437045,0.9720325203252033,0.9337763012181617,0.9519346565864344,0.9832159624413146,0.9584961318297381,08/11/2025 14:53:05
logistic,25,2.0,5,101,0.9630957925787922,0.9671544715447155,0.9337763012181617,0.9495837897042716,0.9804381846635369,0.9571072429408491,08/11/2025 14:53:16
logistic,25,2.2,5,101,0.9613414066138798,0.9668514412416851,0.9291251384274641,0.9471804459216175,0.9804381846635369,0.9547816615455004,08/11/2025 14:53:26
logistic,25,2.4,5,101,0.9595870206489675,0.9627100271002711,0.9291251384274641,0.9450383351588171,0.9776212832550861,0.9533732108412749,08/11/2025 14:53:36
logistic,25,2.6,5,101,0.9578326346840553,0.9668514412416851,0.9198228128460688,0.9420636825719224,0.9804381846635369,0.9501304987548027,08/11/2025 14:53:48
logistic,25,2.8,5,101,0.956078248719143,0.9627100271002711,0.9198228128460688,0.9399215718091221,0.9776212832550861,0.9487220480505772,08/11/2025 14:53:59
logistic,25,3.0,5,101,0.9613414066138798,0.9630965005302226,0.9337763012181617,0.9474387437390008,0.9776212832550861,0.9556987922366238,08/11/2025 14:54:11
logistic,25,3.2,5,101,0.9595870206489675,0.9584507397869009,0.9337763012181617,0.9451438498778421,0.9748435054773082,0.954309903347735,08/11/2025 14:54:23
logistic,25,3.4,5,101,0.9648657040832168,0.9630965005302226,0.9433001107419712,0.9525606949585133,0.9775821596244132,0.9604411351831923,08/11/2025 14:54:35
logistic,25,3.6,5,101,0.9631113181183046,0.9670877631853241,0.9338870431893689,0.9497438056405635,0.9803599374021911,0.9571234902957798,08/11/2025 14:54:46
logistic,25,3.8,5,101,0.9595870206489675,0.9751094434021264,0.9150609080841641,0.9440284767927045,0.9859937402190923,0.9505273241516281,08/11/2025 14:54:58
logistic,25,4.0,5,101,0.9595870206489675,0.9751094434021264,0.9150609080841641,0.9440284767927045,0.9859937402190923,0.9505273241516281,08/11/2025 14:55:09
logistic,25,4.2,5,101,0.9560782487191428,0.950121951219512,0.9337763012181617,0.9409452336281603,0.9691314553990612,0.9514538783086113,08/11/2025 14:55:20
logistic,25,4.4,5,101,0.9560782487191428,0.9569595580571189,0.9243632336655592,0.939983458276141,0.9747652582159624,0.9495642459407609,08/11/2025 14:55:30
logistic,25,4.6,5,101,0.9560782487191428,0.9569595580571189,0.9243632336655592,0.939983458276141,0.9747652582159624,0.9495642459407609,08/11/2025 14:55:39
logistic,25,4.8,5,101,0.9525539512498058,0.9437486744432662,0.9291251384274641,0.9359565498418526,0.9663536776212833,0.9477394080243735,08/11/2025 14:55:49
logistic,25,5.0,5,101,0.9507840397453812,0.9392190577185275,0.9291251384274641,0.9337190283272226,0.9635367762128325,0.9463309573201482,08/11/2025 14:55:58
logistic,25,5.2,5,101,0.9472752678155567,0.9342190577185274,0.9243632336655592,0.9288409795467348,0.9607589984350549,0.942561116050307,08/11/2025 14:56:07
logistic,25,5.4,5,101,0.9507685142058687,0.9390845986816295,0.929014396456257,0.933535609371325,0.9635367762128325,0.9462755863345447,08/11/2025 14:56:15
logistic,25,5.6,5,101,0.9437509703462196,0.9288579171506001,0.9196013289036544,0.9239778349830035,0.957981220657277,0.9387912747804655,08/11/2025 14:56:24
logistic,25,5.8,5,101,0.9419965843813072,0.9244282383023166,0.9196013289036544,0.92173693862446,0.9552034428794993,0.9374023858915768,08/11/2025 14:56:32
logistic,25,6.0,5,101,0.9455053563111319,0.9340556840273232,0.9197120708748617,0.9263782459152173,0.9607589984350549,0.9402355346549582,08/11/2025 14:56:40
logistic,25,6.2,5,101,0.9419965843813072,0.9247998991617823,0.9197120708748617,0.9219754495445495,0.9552034428794993,0.9374577568771804,08/11/2025 14:56:48
logistic,25,6.4,5,101,0.9332091290172333,0.9184554334554335,0.9006644518272424,0.9090950727010029,0.9523865414710485,0.9265254966491454,08/11/2025 14:56:57
logistic,25,6.6,5,101,0.9279459711224964,0.9171895536870013,0.8867109634551497,0.9015000685259713,0.9523865414710485,0.919548752463099,08/11/2025 14:57:05
logistic,25,6.8,5,101,0.9297003570874087,0.9177180949132169,0.891362126245847,0.904066227307046,0.9523865414710485,0.9218743338584477,08/11/2025 14:57:12
logistic,25,7.0,5,101,0.9297003570874087,0.9221917791237433,0.8866002214839422,0.9035784224289973,0.9552034428794993,0.9209018321817208,08/11/2025 14:57:21
logistic,25,7.2,5,101,0.9367179009470579,0.9276987924356346,0.9006644518272424,0.9135755631100212,0.9580203442879501,0.9293423980575962,08/11/2025 14:57:30
logistic,25,7.4,5,101,0.9332091290172333,0.9226455511033235,0.8959025470653377,0.9085618111333161,0.9552034428794993,0.9255529949724185,08/11/2025 14:57:37
logistic,25,7.6,5,101,0.9332091290172333,0.9226455511033235,0.8959025470653377,0.9085618111333161,0.9552034428794993,0.9255529949724185,08/11/2025 14:57:45
logistic,25,7.8,5,101,0.9332091290172333,0.9226455511033235,0.8959025470653377,0.9085618111333161,0.9552034428794993,0.9255529949724185,08/11/2025 14:57:53
logistic,25,8.0,5,101,0.9332091290172333,0.9226455511033235,0.8959025470653377,0.9085618111333161,0.9552034428794993,0.9255529949724185,08/11/2025 14:57:59
logistic,25,8.2,5,101,0.9332091290172333,0.9226455511033235,0.8959025470653377,0.9085618111333161,0.9552034428794993,0.9255529949724185,08/11/2025 14:58:08
logistic,25,8.4,5,101,0.9332091290172333,0.9226455511033235,0.8959025470653377,0.9085618111333161,0.9552034428794993,0.9255529949724185,08/11/2025 14:58:16
logistic,25,8.6,5,101,0.9279459711224964,0.9174658470864102,0.8866002214839425,0.9013444895615439,0.9523865414710485,0.9194933814774954,08/11/2025 14:58:24
logistic,25,8.8,5,101,0.9279459711224964,0.9174658470864102,0.8866002214839425,0.9013444895615439,0.9523865414710485,0.9194933814774954,08/11/2025 14:58:32
logistic,25,9.0,5,101,0.9279459711224967,0.9259589044166768,0.8771871539313401,0.9006032662849808,0.9579420970266043,0.917564625478972,08/11/2025 14:58:39
logistic,25,9.2,5,101,0.9261915851575843,0.92541909335055,0.8724252491694353,0.8977637601121413,0.9579420970266043,0.9151836730980196,08/11/2025 14:58:47
logistic,25,9.4,5,101,0.9244216736531594,0.9254529254529255,0.8677740863787375,0.895356075857441,0.9579420970266043,0.9128580917026708,08/11/2025 14:58:55
logistic,25,9.6,5,101,0.9244216736531594,0.9254529254529255,0.8677740863787375,0.895356075857441,0.9579420970266043,0.9128580917026708,08/11/2025 14:59:01
logistic,25,9.8,5,101,0.9226672876882471,0.9249131143867986,0.8630121816168328,0.8925165696846016,0.9579420970266043,0.9104771393217185,08/11/2025 14:59:08
logistic,25,10.0,5,101,0.915649743828598,0.9107614124302186,0.8583610188261351,0.8832936212459668,0.9496087636932709,0.9039848912597028,08/11/2025 14:59:16
forest,25,0.0,15,101,0.9542772861356932,0.952520325203252,0.9242524916943522,0.9377185509715631,0.9719874804381845,0.9481199860662685,08/11/2025 14:44:05
forest,25,0.2,15,101,0.95954044403043,0.9566674769737731,0.9337763012181618,0.9450258623496689,0.9747652582159624,0.9542707797170621,08/11/2025 14:44:23
forest,25,0.4,15,101,0.9577705325260052,0.9568546365914787,0.9289036544850499,0.9421053743004963,0.9748043818466353,0.9518540181658425,08/11/2025 14:44:45
forest,25,0.6,15,101,0.9578015836050303,0.9652439024390244,0.9197120708748617,0.9419279907084785,0.980399061032864,0.9500555659538626,08/11/2025 14:45:08
forest,25,0.8,15,101,0.9542928116752056,0.960713839006522,0.9149501661129568,0.9371590832216693,0.9776212832550861,0.9462857246840214,08/11/2025 14:45:30
forest,25,1.0,15,101,0.9595559695699425,0.9611488022381536,0.9289036544850499,0.9444248726149563,0.9776212832550861,0.9532624688700679,08/11/2025 14:45:50
forest,25,1.2,15,101,0.943766495885732,0.9461958366836416,0.9007751937984496,0.9228146466518605,0.96924882629108,0.9350120100447648,08/11/2025 14:46:10
forest,25,1.4,15,101,0.95954044403043,0.9566496086632219,0.9336655592469546,0.944845870064556,0.9748043818466353,0.9542349705467948,08/11/2025 14:46:33
forest,25,1.6,15,101,0.9560316721006055,0.9441053759374803,0.9385382059800665,0.9410347578242687,0.9663928012519563,0.9524655036160112,08/11/2025 14:46:55
forest,25,1.8,15,101,0.956047197640118,0.9616500553709855,0.9197120708748617,0.9398524040611391,0.9776212832550861,0.9486666770649738,08/11/2025 14:47:18
forest,25,2.0,15,101,0.9542928116752056,0.9565218502427804,0.9196013289036544,0.9374413143545258,0.9748435054773082,0.9472224171904813,08/11/2025 14:47:41
forest,25,2.2,15,101,0.9490296537804689,0.9339946339662731,0.929014396456257,0.9312192136224564,0.9608372456964005,0.9449258210763288,08/11/2025 14:47:59
forest,25,2.4,15,101,0.9542772861356932,0.9560635280771412,0.9196013289036546,0.9373329961935092,0.9748043818466353,0.947202855375145,08/11/2025 14:48:17
forest,25,2.6,15,101,0.9542928116752056,0.9518881506090808,0.9242524916943523,0.9377360019447372,0.9720657276995304,0.9481591096969414,08/11/2025 14:48:40
forest,25,2.8,15,101,0.9420121099208197,0.9455860805860807,0.896234772978959,0.9201699214094274,0.9691705790297341,0.9327026760043464,08/11/2025 14:48:59
forest,25,3.0,15,101,0.9490141282409563,0.9557811147266919,0.9055370985603546,0.9294363327556565,0.9748043818466353,0.9401707402034948,08/11/2025 14:49:17
forest,25,3.2,15,101,0.9507840397453812,0.9470105069821463,0.9197120708748617,0.9329728931120316,0.9692488262910798,0.9444804485829706,08/11/2025 14:49:46
forest,25,3.4,15,101,0.9560316721006055,0.9564730797657628,0.9242524916943523,0.9398363243067545,0.9747652582159624,0.9495088749551573,08/11/2025 14:50:10
forest,25,3.6,15,101,0.9507685142058687,0.9521840354767184,0.9147286821705427,0.9325172119509704,0.9719483568075118,0.943338519489027,08/11/2025 14:50:34
forest,25,3.8,15,101,0.9489830771619312,0.9389664082687339,0.9242524916943523,0.9311569683305695,0.9635367762128325,0.9438946339535924,08/11/2025 14:50:58
forest,25,4.0,15,101,0.9490296537804689,0.951729490022173,0.9102990033222591,0.9300243055516463,0.9720266040688577,0.9411628036955584,08/11/2025 14:51:15
forest,25,4.2,15,101,0.9455053563111318,0.946904315196998,0.9055370985603544,0.9254565238552838,0.9692488262910798,0.9373929624257171,08/11/2025 14:51:35
forest,25,4.4,15,101,0.9472752678155565,0.9553479853479854,0.9007751937984496,0.9271091273004233,0.9748435054773082,0.9378093496378789,08/11/2025 14:51:55
forest,25,4.6,15,101,0.9490141282409563,0.9511559550300334,0.910188261351052,0.9300320291269909,0.9719874804381847,0.9410878708946182,08/11/2025 14:52:14
forest,25,4.8,15,101,0.9490296537804689,0.9557871952608794,0.9054263565891472,0.9292258400416517,0.9748435054773082,0.9401349310332276,08/11/2025 14:52:33
forest,25,5.0,15,101,0.9419965843813072,0.9422490073737947,0.9009966777408639,0.920739355396418,0.9663928012519563,0.9336947394964099,08/11/2025 14:52:52
forest,25,5.2,15,101,0.9402577239559076,0.9373254117156555,0.9007751937984496,0.918124646075474,0.9636150234741784,0.9321951086363139,08/11/2025 14:53:10
forest,25,5.4,15,101,0.9455053563111319,0.9542653347531397,0.8959025470653378,0.9238911307946944,0.9748043818466353,0.9353534644559864,08/11/2025 14:53:27
forest,25,5.6,15,101,0.943766495885732,0.94655133295519,0.9006644518272425,0.9226135618469403,0.9692097026604068,0.9349370772438247,08/11/2025 14:53:50
forest,25,5.8,15,101,0.9384878124514827,0.9467612024957459,0.8868217054263565,0.9151376350552521,0.9691705790297339,0.927996142228045,08/11/2025 14:54:14
forest,25,6.0,15,101,0.9420121099208197,0.9474431574431575,0.8962347729789591,0.9198754158263265,0.9691705790297341,0.9327026760043464,08/11/2025 14:54:36
forest,25,6.2,15,101,0.9349945660611706,0.9402127659574468,0.8867109634551495,0.9110951596857741,0.9635367762128325,0.925123869833991,08/11/2025 14:54:55
forest,25,6.4,15,101,0.9332091290172333,0.9206523263970073,0.9007751937984496,0.9097653745709383,0.9523082942097026,0.9265417440040761,08/11/2025 14:55:15
forest,25,6.6,15,101,0.9402266728768824,0.9394808090460265,0.9007751937984496,0.9187493420680596,0.9634976525821596,0.9321364231903047,08/11/2025 14:55:34
forest,25,6.8,15,101,0.9419810588417947,0.9510998010998012,0.891140642303433,0.919195701403918,0.9719483568075118,0.9315444995554725,08/11/2025 14:55:54
forest,25,7.0,15,101,0.9507840397453812,0.9606421470579454,0.9054263565891473,0.931888555762634,0.9775430359937403,0.9414846962914437,08/11/2025 14:56:15
forest,25,7.2,15,101,0.9314702685918336,0.9317186766821063,0.8821705426356589,0.9058568426349248,0.9607589984350549,0.9214647705353567,08/11/2025 14:56:32
forest,25,7.4,15,101,0.9384878124514827,0.9326655864460743,0.9007751937984496,0.9161406802176778,0.9607981220657278,0.9307866579320887,08/11/2025 14:56:50
forest,25,7.6,15,101,0.9455208818506444,0.9500238980452134,0.9006644518272425,0.9244321347790813,0.9719874804381847,0.9363259661327137,08/11/2025 14:57:08
forest,25,7.8,15,101,0.9472752678155567,0.9545168377114521,0.9005537098560354,0.9264889334021449,0.9748435054773082,0.9376986076666718,08/11/2025 14:57:27
forest,25,8.0,15,101,0.943766495885732,0.9453005512166033,0.9006644518272425,0.9222716409519208,0.9692097026604071,0.9349370772438247,08/11/2025 14:57:45
forest,25,8.2,15,101,0.9437509703462196,0.945899544773623,0.9007751937984496,0.9225063527992772,0.9692097026604068,0.9349924482294281,08/11/2025 14:58:04
forest,25,8.4,15,101,0.9437509703462196,0.9548686489875253,0.891140642303433,0.9213525879907692,0.9748043818466353,0.9329725120750343,08/11/2025 14:58:24
forest,25,8.6,15,101,0.947259742276044,0.9597309330236159,0.8960132890365449,0.926214603475152,0.9775821596244132,0.9367977243304789,08/11/2025 14:58:42
forest,25,8.8,15,101,0.9419965843813072,0.9597223530150358,0.8817275747508306,0.9182214891030794,0.9775430359937403,0.9296353053722853,08/11/2025 14:59:01
forest,25,9.0,15,101,0.9455053563111318,0.9549963070099203,0.8960132890365449,0.9240655690586952,0.9747652582159624,0.9353892736262537,08/11/2025 14:59:18
forest,25,9.2,15,101,0.9455208818506444,0.9548351648351648,0.896124031007752,0.9243991002001524,0.9748043818466353,0.9354642064271937,08/11/2025 14:59:33
forest,25,9.4,15,101,0.9490141282409563,0.9522172949002217,0.910188261351052,0.9301954326979912,0.9719874804381845,0.9410878708946182,08/11/2025 14:59:48
forest,25,9.6,15,101,0.9472752678155567,0.9550566487775789,0.9006644518272425,0.9268012576766594,0.9748435054773082,0.9377539786522753,08/11/2025 15:00:02
forest,25,9.8,15,101,0.9507840397453812,0.9560465116279071,0.9102990033222591,0.932387975042541,0.9748043818466353,0.9425516925844472,08/11/2025 15:00:15
forest,25,10.0,15,101,0.9437509703462196,0.9423316656243486,0.9054263565891473,0.9229439231839075,0.9663928012519563,0.9359095789205518,08/11/2025 15:00:33
mlp,25,0.0,15,101,0.9771153547585778,0.9812354312354312,0.9572535991140644,0.9687028211278281,0.9887323943661972,0.9729929967401307,08/11/2025 14:44:08
mlp,25,0.2,15,101,0.9771153547585778,0.9807808857808858,0.9571428571428573,0.9684224734967655,0.9887715179968701,0.9729571875698635,08/11/2025 14:44:32
mlp,25,0.4,15,101,0.9771153547585778,0.9807971287551549,0.9572535991140644,0.9685973431791055,0.9887715179968701,0.9730125585554671,08/11/2025 14:44:55
mlp,25,0.6,15,101,0.9701133364384413,0.9713961223121744,0.947840531561462,0.9591871261044247,0.9831768388106417,0.9655086851860517,08/11/2025 14:45:21
mlp,25,0.8,15,101,0.9753764943331781,0.975909090909091,0.9571428571428573,0.9661340061676478,0.9859937402190923,0.9715682986809748,08/11/2025 14:45:46
mlp,25,1.0,15,101,0.9648346530041918,0.961546401109944,0.9428571428571428,0.9514733557672852,0.9775821596244132,0.9602196512407779,08/11/2025 14:46:12
mlp,25,1.2,15,101,0.9595559695699427,0.9522403905330735,0.9380952380952381,0.9442809917272588,0.9719874804381847,0.9550413592667114,08/11/2025 14:46:34
mlp,25,1.4,15,101,0.956047197640118,0.944144542091643,0.9382059800664452,0.9403067641551811,0.9663536776212833,0.9522798288438642,08/11/2025 14:46:56
mlp,25,1.6,15,101,0.9525384257102933,0.9398892229427069,0.9335548172757475,0.9358623197107366,0.9635367762128325,0.9485457967442901,08/11/2025 14:47:19
mlp,25,1.8,15,101,0.9507840397453812,0.9372285364574227,0.9335548172757475,0.9340376722342987,0.960680751173709,0.9471177842247283,08/11/2025 14:47:41
mlp,25,2.0,15,101,0.956047197640118,0.9474733793338445,0.9335548172757475,0.9400541168739316,0.9691705790297339,0.9513626981527405,08/11/2025 14:48:01
mlp,25,2.2,15,101,0.9525539512498058,0.951173649966079,0.9193798449612404,0.9345224409473708,0.9719874804381847,0.9456836626997124,08/11/2025 14:48:21
mlp,25,2.4,15,101,0.9525694767893184,0.9472645238618311,0.9241417497231451,0.9349047134318452,0.9691705790297341,0.9466561643764395,08/11/2025 14:48:44
mlp,25,2.6,15,101,0.9490451793199813,0.9514406928647009,0.9098560354374307,0.9290232551608287,0.9719483568075118,0.9409021961224712,08/11/2025 14:49:05
mlp,25,2.8,15,101,0.9419965843813072,0.9330548004966609,0.9100775193798449,0.9204518942855657,0.9607589984350549,0.9354182589074498,08/11/2025 14:49:32
mlp,25,3.0,15,101,0.9315013196708586,0.9181128945167515,0.8957918050941307,0.9061135381034939,0.9524256651017214,0.924108735097926,08/11/2025 14:50:00
mlp,25,3.2,15,101,0.9332401800962582,0.9201926239135542,0.9006644518272425,0.909043192091288,0.9524256651017214,0.9265450584644819,08/11/2025 14:50:26
mlp,25,3.4,15,101,0.9332246545567457,0.916128393570254,0.9054263565891473,0.9094502522494409,0.9496087636932706,0.9275175601412091,08/11/2025 14:50:48
mlp,25,3.6,15,101,0.9297158826269213,0.9147773415215275,0.8960132890365449,0.9042575544806782,0.9495696400625979,0.9227914645495714,08/11/2025 14:51:15
mlp,25,3.8,15,101,0.9297158826269213,0.919093761535622,0.8912513842746401,0.9038842123921034,0.9523082942097026,0.9217798392421713,08/11/2025 14:51:39
mlp,25,4.0,15,101,0.9314547430523211,0.9109191196400499,0.9054263565891473,0.9076313331843677,0.9467136150234742,0.9260699858063107,08/11/2025 14:52:01
mlp,25,4.2,15,101,0.9332091290172333,0.9157774192351915,0.9054263565891473,0.9098535554065901,0.949491392801252,0.9274588746951995,08/11/2025 14:52:24
mlp,25,4.4,15,101,0.9314547430523211,0.9068715005924307,0.910188261351052,0.9080959092587,0.9439358372456963,0.9270620492983742,08/11/2025 14:52:46
mlp,25,4.6,15,101,0.9297003570874087,0.9099450936660238,0.9007751937984496,0.9050928577793054,0.9467527386541471,0.9237639662262984,08/11/2025 14:53:06
mlp,25,4.8,15,101,0.9296848315478963,0.9071843456421179,0.9055370985603544,0.9056730438767329,0.9438967136150236,0.9247169060876889,08/11/2025 14:53:26
mlp,25,5.0,15,101,0.927930445582984,0.9056619349642606,0.9007751937984496,0.9030394866104559,0.9439749608763692,0.9223750773374094,08/11/2025 14:53:48
mlp,25,5.2,15,101,0.9279459711224967,0.9019822812846069,0.9055370985603544,0.9034824544952841,0.9411971830985915,0.9233671408294729,08/11/2025 14:54:16
mlp,25,5.4,15,101,0.9261760596180718,0.9015287038542852,0.9007751937984496,0.9008351546980728,0.9411580594679186,0.9209666266331841,08/11/2025 14:54:42
mlp,25,5.6,15,101,0.924437199192672,0.8976651513860816,0.9007751937984496,0.8987885499513407,0.9383411580594678,0.9195581759289588,08/11/2025 14:55:05
mlp,25,5.8,15,101,0.9156342182890855,0.8880179639552249,0.8864894795127354,0.8860995350255896,0.9327073552425664,0.9095984173776509,08/11/2025 14:55:27
mlp,25,6.0,15,101,0.912125446359261,0.8800124283157157,0.8864894795127354,0.8819668518600816,0.927073552425665,0.9067815159692001,08/11/2025 14:55:49
mlp,25,6.2,15,101,0.9138798323241734,0.8831176425913269,0.8864894795127354,0.8841676820906974,0.9299295774647888,0.908209528488762,08/11/2025 14:56:10
mlp,25,6.4,15,101,0.9103865859338611,0.8819733924611974,0.8769656699889259,0.8781399046874743,0.9299295774647888,0.9034476237268573,08/11/2025 14:56:28
mlp,25,6.6,15,101,0.9121409718987735,0.8903171464147075,0.8723145071982282,0.8801488805843064,0.9355633802816902,0.903938943739959,08/11/2025 14:56:47
mlp,25,6.8,15,101,0.9086321999689488,0.8771685876563925,0.8769656699889259,0.8760626570406064,0.9271517996870109,0.9020587348379683,08/11/2025 14:57:11
mlp,25,7.0,15,101,0.9086321999689488,0.8783496996885685,0.8769656699889257,0.8763982646378773,0.9271517996870109,0.9020587348379683,08/11/2025 14:57:33
mlp,25,7.2,15,101,0.9086321999689488,0.8783496996885685,0.8769656699889257,0.8763982646378773,0.9271517996870109,0.9020587348379683,08/11/2025 14:57:54
mlp,25,7.4,15,101,0.9086321999689488,0.8783496996885685,0.8769656699889257,0.8763982646378773,0.9271517996870109,0.9020587348379683,08/11/2025 14:58:18
mlp,25,7.6,15,101,0.9086321999689488,0.8783496996885685,0.8769656699889257,0.8763982646378773,0.9271517996870109,0.9020587348379683,08/11/2025 14:58:42
mlp,25,7.8,15,101,0.8945971122496506,0.8593310283902618,0.8630121816168328,0.8595866704349788,0.9130672926447575,0.888039737130795,08/11/2025 14:59:04
mlp,25,8.0,15,101,0.8910883403198261,0.8544529796097742,0.858250276854928,0.854767393326545,0.9102895148669796,0.8842698958609538,08/11/2025 14:59:26
mlp,25,8.2,15,101,0.8910883403198261,0.8544529796097742,0.858250276854928,0.854767393326545,0.9102895148669796,0.8842698958609538,08/11/2025 14:59:42
mlp,25,8.4,15,101,0.8910883403198261,0.8547634533488193,0.8581395348837211,0.8543344816610094,0.9102895148669796,0.8842145248753503,08/11/2025 14:59:57
mlp,25,8.6,15,101,0.8910883403198261,0.8547634533488193,0.8581395348837211,0.8543344816610094,0.9102895148669796,0.8842145248753503,08/11/2025 15:00:15
mlp,25,8.8,15,101,0.8910883403198261,0.8547634533488193,0.8581395348837211,0.8543344816610094,0.9102895148669796,0.8842145248753503,08/11/2025 15:00:38
mlp,25,9.0,15,101,0.8893029032758888,0.85333941706764,0.8533776301218163,0.8514665607827391,0.9102895148669796,0.8818335724943978,08/11/2025 15:00:55
mlp,25,9.2,15,101,0.8875485173109764,0.8489097382193564,0.8533776301218163,0.849277778292999,0.9074726134585289,0.8804251217901726,08/11/2025 15:01:13
mlp,25,9.4,15,101,0.8893029032758888,0.8498893300560912,0.858028792912514,0.8518490732906614,0.9074726134585289,0.8827507031855214,08/11/2025 15:01:32
mlp,25,9.6,15,101,0.8928116752057134,0.8589647696476964,0.858028792912514,0.8562787521389449,0.9131064162754303,0.885567604593972,08/11/2025 15:01:49
mlp,25,9.8,15,101,0.8945971122496506,0.8587634533488192,0.8627906976744187,0.8586355569298266,0.9131064162754303,0.8879485569749244,08/11/2025 15:02:05
mlp,25,10.0,15,101,0.8998602701443875,0.8648337745005357,0.8674418604651162,0.8644344856536044,0.9187402190923317,0.8930910397787241,08/11/2025 15:02:21
logistic,25,0.0,15,42,0.9771308802980903,0.9813953488372092,0.9573643410852715,0.9688215515962619,0.988849765258216,0.9731070531717437,08/11/2025 15:00:29
logistic,25,0.2,15,42,0.9753764943331781,0.9857142857142858,0.947951273532669,0.9661863769898205,0.9916275430359939,0.9697894082843312,08/11/2025 15:00:37
logistic,25,0.4,15,42,0.9666200900481291,0.9803658536585367,0.9291251384274639,0.9539165813581121,0.988849765258216,0.9589874518428401,08/11/2025 15:00:44
logistic,25,0.6,15,42,0.9666045645086166,0.9754761904761905,0.9337763012181617,0.9540847016313301,0.9859937402190923,0.959885020718627,08/11/2025 15:00:50
logistic,25,0.8,15,42,0.9648501785437045,0.9710635280771411,0.9337763012181618,0.9519047948087987,0.9832159624413146,0.9584961318297381,08/11/2025 15:00:56
logistic,25,1.0,15,42,0.956078248719143,0.9612020905923344,0.9196013289036544,0.9397336260393079,0.9776212832550861,0.9486113060793702,08/11/2025 15:01:02
logistic,25,1.2,15,42,0.9525694767893184,0.9564293817356777,0.9149501661129568,0.9349691155839629,0.9748043818466353,0.9448772739797959,08/11/2025 15:01:08
logistic,25,1.4,15,42,0.9455053563111318,0.9385274018853146,0.9149501661129568,0.9261318480880725,0.9635758998435054,0.9392630329782312,08/11/2025 15:01:13
logistic,25,1.6,15,42,0.9507840397453812,0.9473550839404498,0.9196013289036544,0.9328452727164818,0.9691705790297339,0.9443859539666942,08/11/2025 15:01:20
logistic,25,1.8,15,42,0.9437509703462196,0.9369171866137267,0.9102990033222593,0.92333974094254,0.9635758998435054,0.9369374515828823,08/11/2025 15:01:25
logistic,25,2.0,15,42,0.9349635149821456,0.9277217433828474,0.896124031007752,0.9113305322128852,0.957981220657277,0.9270526258325145,08/11/2025 15:01:31
logistic,25,2.2,15,42,0.9296693060083838,0.9145033827960656,0.896124031007752,0.9048383866897319,0.9495696400625979,0.9228468355351748,08/11/2025 15:01:37
logistic,25,2.4,15,42,0.9261915851575843,0.9155685777636997,0.8868217054263565,0.900219109133203,0.9495696400625977,0.9181956727444772,08/11/2025 15:01:42
logistic,25,2.6,15,42,0.927930445582984,0.9180817898404549,0.8867109634551495,0.9018566703789951,0.9523474178403756,0.9195291906477625,08/11/2025 15:01:47
logistic,25,2.8,15,42,0.9244216736531594,0.9176055993642643,0.8774086378737541,0.8967539063818297,0.9523474178403756,0.914878027857065,08/11/2025 15:01:52
logistic,25,3.0,15,42,0.9174041297935102,0.9038792380063241,0.8727574750830565,0.8874883391294315,0.9439749608763692,0.9083662179797128,08/11/2025 15:01:55
logistic,25,3.2,15,42,0.9103865859338611,0.9017910630234122,0.8539313399778516,0.8766989776722827,0.9439749608763692,0.8989531504271104,08/11/2025 15:02:00
logistic,25,3.4,15,42,0.915649743828598,0.9153441765765257,0.8539313399778516,0.8830691354915079,0.9524256651017214,0.9031785025397865,08/11/2025 15:02:03
logistic,25,3.6,15,42,0.915649743828598,0.9153441765765257,0.8539313399778516,0.8830691354915079,0.9524256651017214,0.9031785025397865,08/11/2025 15:02:06
logistic,25,3.8,15,42,0.9138953578636858,0.910485876981384,0.8539313399778516,0.8808469132692857,0.9496478873239436,0.9017896136508977,08/11/2025 15:02:09
logistic,25,4.0,15,42,0.9068778140040366,0.8961879649684528,0.8492801771871539,0.8715420567286568,0.9412363067292645,0.8952582419582091,08/11/2025 15:02:12
logistic,25,4.2,15,42,0.903369042074212,0.9037420347176445,0.8304540420819493,0.8647857251791977,0.94679186228482,0.8886229521833846,08/11/2025 15:02:15
logistic,25,4.4,15,42,0.8963514982145628,0.8822686798296553,0.8349944629014395,0.8574253575387523,0.9327073552425664,0.883850909072003,08/11/2025 15:02:18
logistic,25,4.6,15,42,0.8981058841794752,0.877995175556151,0.8445182724252491,0.8608441609575557,0.9299295774647888,0.8872239249450189,08/11/2025 15:02:21
logistic,25,4.8,15,42,0.9051234280391244,0.8960402883381061,0.8445182724252491,0.8692101740294511,0.9411971830985916,0.8928577277619205,08/11/2025 15:02:23
logistic,25,5.0,15,42,0.903369042074212,0.9029552520823382,0.8304540420819491,0.864722467104189,0.946830985915493,0.8886425139987211,08/11/2025 15:02:24
logistic,25,5.2,15,42,0.8998602701443874,0.8941720154043645,0.830343300110742,0.8608001110131582,0.9411971830985916,0.8857702416046669,08/11/2025 15:02:26
logistic,25,5.4,15,42,0.8998602701443874,0.8941720154043645,0.830343300110742,0.8608001110131582,0.9411971830985916,0.8857702416046669,08/11/2025 15:02:27
logistic,25,5.6,15,42,0.8928272007452259,0.8881798990656501,0.8161683277962348,0.8502556567734352,0.9384585289514866,0.8773134283738606,08/11/2025 15:02:29
logistic,25,5.8,15,42,0.8857941313460642,0.8819990623584975,0.8021040974529348,0.8397768853190539,0.9356416275430359,0.8688728624979853,08/11/2025 15:02:30
logistic,25,6.0,15,42,0.8893029032758889,0.8871199727425658,0.8067552602436324,0.8446534285289304,0.9384585289514866,0.8726068945975596,08/11/2025 15:02:32
logistic,25,6.2,15,42,0.8840397453811519,0.881384480164968,0.7972314507198228,0.8367161760794831,0.9356416275430359,0.8664365391314295,08/11/2025 15:02:33
logistic,25,6.4,15,42,0.8822698338767271,0.8907553054181463,0.7829457364341085,0.832379744542078,0.9412363067292645,0.8620910215816865,08/11/2025 15:02:34
logistic,25,6.6,15,42,0.8787610619469026,0.8900626647255055,0.773421926910299,0.82628450644684,0.9412363067292645,0.8573291168197817,08/11/2025 15:02:36
logistic,25,6.8,15,42,0.8875485173109766,0.8824601524601524,0.8067552602436324,0.8422309179738899,0.9356025039123631,0.8711788820779978,08/11/2025 15:02:38
logistic,25,7.0,15,42,0.8857941313460642,0.8819473319473319,0.8021040974529348,0.8394686493873487,0.9356025039123631,0.8688533006826489,08/11/2025 15:02:39
logistic,25,7.2,15,42,0.8787765874864151,0.8716471443300712,0.7926910299003322,0.8297811187771027,0.9299687010954617,0.8613298654978969,08/11/2025 15:02:41
logistic,25,7.4,15,42,0.8770066759819904,0.8711073332639442,0.7879291251384274,0.8269416126042632,0.9299687010954617,0.8589489131169443,08/11/2025 15:02:44
logistic,25,7.6,15,42,0.8752522900170782,0.8703381024947134,0.7832779623477297,0.8240618006736138,0.9299687010954617,0.8566233317215957,08/11/2025 15:02:46
logistic,25,7.8,15,42,0.8664648346530042,0.8658203585032853,0.7642303433001107,0.8106149984798237,0.9271517996870109,0.8456910714935608,08/11/2025 15:02:48
logistic,25,8.0,15,42,0.8699736065828286,0.8648268398268399,0.7782945736434109,0.8172493635065784,0.9244131455399061,0.8513538595916584,08/11/2025 15:02:51
logistic,25,8.2,15,42,0.8664648346530044,0.8602317290552584,0.7736434108527133,0.8120807586061123,0.9215962441314556,0.8476198274920843,08/11/2025 15:02:54
logistic,25,8.4,15,42,0.8664648346530044,0.8602317290552584,0.7736434108527133,0.8120807586061123,0.9215962441314556,0.8476198274920843,08/11/2025 15:02:58
logistic,25,8.6,15,42,0.8647104486880919,0.8617115404920284,0.7641196013289037,0.8086755333020392,0.9243740219092331,0.8442468116190683,08/11/2025 15:03:02
logistic,25,8.8,15,42,0.8647104486880919,0.8648384948384947,0.7593576965669989,0.8076640800817507,0.9271517996870109,0.843254748127005,08/11/2025 15:03:06
logistic,25,9.0,15,42,0.8664958857320292,0.8559426847662142,0.7736434108527133,0.8120943814243329,0.9215179968701095,0.8475807038614114,08/11/2025 15:03:11
logistic,25,9.2,15,42,0.8647414997671168,0.8549980154004923,0.7688815060908085,0.8090696900663081,0.9215179968701095,0.845199751480459,08/11/2025 15:03:16
logistic,25,9.4,15,42,0.8647414997671168,0.8549980154004923,0.7688815060908085,0.8090696900663081,0.9215179968701095,0.845199751480459,08/11/2025 15:03:20
logistic,25,9.6,15,42,0.8664958857320292,0.8501617989853283,0.7832779623477298,0.8139805758100774,0.915962441314554,0.8496202018311421,08/11/2025 15:03:24
logistic,25,9.8,15,42,0.864741499767117,0.844951714951715,0.7832779623477298,0.8118616421121964,0.9131846635367763,0.8482313129422531,08/11/2025 15:03:29
logistic,25,10.0,15,42,0.8664958857320292,0.8425502140136286,0.7925802879291253,0.8157167839338383,0.9103677621283255,0.8514740250287254,08/11/2025 15:03:33
mlp,25,0.0,5,101,0.9771153547585778,0.9812354312354312,0.9572535991140644,0.9687028211278281,0.9887323943661972,0.9729929967401307,08/11/2025 15:02:57
mlp,25,0.2,5,101,0.9753609687936654,0.9757808857808857,0.9571428571428571,0.9660128349425487,0.9859937402190923,0.9715682986809748,08/11/2025 15:03:19
mlp,25,0.4,5,101,0.9736221083682658,0.9760472851028721,0.9524916943521596,0.9638382888951224,0.9859937402190923,0.9692427172856259,08/11/2025 15:03:37
mlp,25,0.6,5,101,0.9788852662630025,0.9766876077851687,0.9666666666666668,0.9712926328757188,0.9859546165884193,0.9763106416275431,08/11/2025 15:03:51
mlp,25,0.8,5,101,0.9788852662630025,0.9720418470418469,0.9714285714285715,0.9714661492408307,0.9831768388106417,0.9773027051196065,08/11/2025 15:04:06
mlp,25,1.0,5,101,0.9806551777674274,0.98592533388336,0.9620155038759691,0.9735356147840438,0.9915884194053209,0.9768019616406448,08/11/2025 15:04:19
mlp,25,1.2,5,101,0.9806551777674274,0.9816017316017316,0.9667774086378739,0.9737572367513495,0.9887715179968701,0.977774463317372,08/11/2025 15:04:31
mlp,25,1.4,5,101,0.9806551777674274,0.9816017316017316,0.9667774086378739,0.9737572367513495,0.9887715179968701,0.977774463317372,08/11/2025 15:04:43
mlp,25,1.6,5,101,0.9806551777674274,0.9816017316017316,0.9667774086378739,0.9737572367513495,0.9887715179968701,0.977774463317372,08/11/2025 15:04:56
mlp,25,1.8,5,101,0.9806396522279147,0.9768037518037518,0.9714285714285715,0.9737596437764647,0.9859546165884193,0.9786915940084955,08/11/2025 15:05:08
mlp,25,2.0,5,101,0.9806396522279147,0.9768037518037518,0.9714285714285715,0.9737596437764647,0.9859546165884193,0.9786915940084955,08/11/2025 15:05:20
mlp,25,2.2,5,101,0.9771308802980905,0.9764855875831484,0.9620155038759691,0.9689415356970354,0.9859546165884193,0.9739850602321942,08/11/2025 15:05:32
mlp,25,2.4,5,101,0.9771308802980905,0.9764855875831484,0.9620155038759691,0.9689415356970354,0.9859546165884193,0.9739850602321942,08/11/2025 15:05:44
mlp,25,2.6,5,101,0.9753920198726906,0.9720620842572062,0.9621262458471762,0.9668710164459352,0.9831377151799687,0.9726319805135724,08/11/2025 15:05:56
mlp,25,2.8,5,101,0.9753920198726906,0.9720620842572062,0.9621262458471762,0.9668710164459352,0.9831377151799687,0.9726319805135724,08/11/2025 15:06:08
mlp,25,3.0,5,101,0.971852196863841,0.9671840354767184,0.9573643410852715,0.9620517393375014,0.9803208137715181,0.9688425774283946,08/11/2025 15:06:20
mlp,25,3.2,5,101,0.9753920198726906,0.9720620842572062,0.9621262458471762,0.9668710164459352,0.9831377151799687,0.9726319805135724,08/11/2025 15:06:32
mlp,25,3.4,5,101,0.9718677224033534,0.9625382747333967,0.9621262458471762,0.9622252557026133,0.9775430359937403,0.969834640920458,08/11/2025 15:06:44
mlp,25,3.6,5,101,0.9665890389691041,0.9491194007983571,0.9621262458471762,0.9554428615121692,0.969131455399061,0.9656288506231185,08/11/2025 15:06:56
mlp,25,3.8,5,101,0.9665890389691041,0.9496237474002648,0.9621262458471762,0.9555956446105277,0.969092331768388,0.9656092888077821,08/11/2025 15:07:08
mlp,25,4.0,5,101,0.9613103555348548,0.9444134727061556,0.9526024363233667,0.9482553590987326,0.9663145539906104,0.9594584951569886,08/11/2025 15:07:20
mlp,25,4.2,5,101,0.9613103555348548,0.9400837644740083,0.9572535991140642,0.9483137624493747,0.9635367762128325,0.9603951876634484,08/11/2025 15:07:32
mlp,25,4.4,5,101,0.9577860580655179,0.9433284060113328,0.943078626799557,0.9429964371592956,0.9663536776212833,0.95471615221042,08/11/2025 15:07:44
mlp,25,4.6,5,101,0.9525229001707809,0.9382483370288248,0.9336655592469546,0.9358260628721784,0.9635758998435054,0.9486207295452299,08/11/2025 15:07:56
mlp,25,4.8,5,101,0.9507685142058685,0.9297482154827588,0.9384274640088593,0.9339854230017725,0.957981220657277,0.9482043423330682,08/11/2025 15:08:08
mlp,25,5.0,5,101,0.9507685142058685,0.9297482154827588,0.9384274640088593,0.9339854230017725,0.957981220657277,0.9482043423330682,08/11/2025 15:08:21
mlp,25,5.2,5,101,0.947259742276044,0.921193328635189,0.9384274640088593,0.9296631630708709,0.9523865414710485,0.9454070027399538,08/11/2025 15:08:33
mlp,25,5.4,5,101,0.9454898307716194,0.9247979797979798,0.9289036544850499,0.9266215561842139,0.9551643192488264,0.9420339868669381,08/11/2025 15:08:46
mlp,25,5.6,5,101,0.943735444806707,0.9171569734613214,0.9336655592469546,0.9249705506267543,0.949530516431925,0.9415980378394397,08/11/2025 15:08:59
mlp,25,5.8,5,101,0.9419810588417947,0.9133641890024871,0.9336655592469546,0.922923109927628,0.9467136150234742,0.9401895871352144,08/11/2025 15:09:12
mlp,25,6.0,5,101,0.9384567613724576,0.9085167108991948,0.9289036544850499,0.9181664165526037,0.9439358372456963,0.9364197458653731,08/11/2025 15:09:25
mlp,25,6.2,5,101,0.9384567613724576,0.9085167108991948,0.9289036544850499,0.9181664165526037,0.9439358372456963,0.9364197458653731,08/11/2025 15:09:37
mlp,25,6.4,5,101,0.9331936034777207,0.8995662241364972,0.9243632336655592,0.9116896692811182,0.9383411580594678,0.9313521958625136,08/11/2025 15:09:50
mlp,25,6.6,5,101,0.9314392175128086,0.9023255813953488,0.9150609080841641,0.9086183310533515,0.9411971830985916,0.9281290455913778,08/11/2025 15:10:02
mlp,25,6.8,5,101,0.9331936034777207,0.9037682803521665,0.9197120708748617,0.9114640445919617,0.9411189358372457,0.9304155033560537,08/11/2025 15:10:14
mlp,25,7.0,5,101,0.927930445582984,0.8915388421573478,0.9197120708748617,0.9052074783401732,0.9327464788732394,0.9262292748740505,08/11/2025 15:10:27
mlp,25,7.2,5,101,0.9332091290172334,0.896486994779919,0.9291251384274639,0.9123139231634916,0.9355242566510172,0.9323246975392406,08/11/2025 15:10:39
mlp,25,7.4,5,101,0.9314392175128086,0.8959584535537035,0.9243632336655592,0.9097421037380469,0.9355242566510172,0.9299437451582883,08/11/2025 15:10:52
mlp,25,7.6,5,101,0.9314392175128086,0.8959584535537035,0.9243632336655592,0.9097421037380469,0.9355242566510172,0.9299437451582883,08/11/2025 15:11:04
mlp,25,7.8,5,101,0.9314392175128086,0.9044797568118488,0.9148394241417497,0.9087897227856659,0.9410798122065728,0.9279596181741612,08/11/2025 15:11:17
mlp,25,8.0,5,101,0.9314236919732961,0.9040706140754036,0.9148394241417497,0.908657944963484,0.9410798122065728,0.9279596181741612,08/11/2025 15:11:30
mlp,25,8.2,5,101,0.9314236919732961,0.8957203592809895,0.9243632336655592,0.9095961177171947,0.9354851330203443,0.9299241833429518,08/11/2025 15:11:42
mlp,25,8.4,5,101,0.9261450085390468,0.8848167580513013,0.9243632336655592,0.903712247901011,0.9270344287949921,0.9256988312302756,08/11/2025 15:11:55
mlp,25,8.6,5,101,0.9296537804688713,0.888983424717968,0.9290143964562569,0.9081078522966154,0.9298513302034428,0.9294328633298499,08/11/2025 15:12:07
mlp,25,8.8,5,101,0.927899394503959,0.8855820641737504,0.9290143964562569,0.9061967199507004,0.9270344287949921,0.9280244126256246,08/11/2025 15:12:20
mlp,25,9.0,5,101,0.9261294829995343,0.8848749934666797,0.924252491694352,0.9035770995283535,0.9270344287949921,0.925643460244672,08/11/2025 15:12:33
mlp,25,9.2,5,101,0.9208507995652848,0.8833890375621192,0.9100775193798449,0.8959154663834428,0.9270344287949921,0.9185559740874185,08/11/2025 15:12:46
mlp,25,9.4,5,101,0.9190964136003725,0.8797503727938862,0.910188261351052,0.8941446711088112,0.9242175273865414,0.9172028943687968,08/11/2025 15:12:59
mlp,25,9.6,5,101,0.9190964136003725,0.8837034560124261,0.9054263565891473,0.8936848198159579,0.9269953051643192,0.9162108308767334,08/11/2025 15:13:12
mlp,25,9.8,5,101,0.915587641670548,0.8748939322029022,0.9054263565891473,0.8893874911283854,0.9214397496087636,0.9134330530989555,08/11/2025 15:13:24
mlp,25,10.0,5,101,0.9226051855301971,0.8895728048123914,0.9054263565891473,0.8972259494350574,0.9326682316118935,0.9190472941005204,08/11/2025 15:13:37
forest,25,0.0,5,101,0.9542772861356932,0.952520325203252,0.9242524916943522,0.9377185509715631,0.9719874804381845,0.9481199860662685,08/11/2025 15:03:09
forest,25,0.2,5,101,0.9630492159602545,0.9535476718403547,0.947840531561462,0.9504003372765949,0.9720266040688574,0.9599335678151597,08/11/2025 15:03:26
forest,25,0.4,5,101,0.9665579878900792,0.9620325203252034,0.9478405315614618,0.954644894957422,0.9775430359937403,0.9626917837776009,08/11/2025 15:03:43
forest,25,0.6,5,101,0.9630647414997672,0.9623946784922394,0.9386489479512736,0.9500658496558148,0.9776604068857591,0.9581546774185161,08/11/2025 15:03:55
forest,25,0.8,5,101,0.9613103555348548,0.9573160173160172,0.9385382059800665,0.9476524384212327,0.9748043818466353,0.9566712939133509,08/11/2025 15:04:09
forest,25,1.0,5,101,0.9683434249340165,0.9621154417524241,0.9528239202657808,0.9573615941192951,0.9775821596244132,0.9652030399450968,08/11/2025 15:04:22
forest,25,1.2,5,101,0.9595559695699427,0.9656976744186047,0.9241417497231451,0.9441983917787194,0.980399061032864,0.9522704053780044,08/11/2025 15:04:34
forest,25,1.4,5,101,0.95954044403043,0.948896509049657,0.9431893687707642,0.9456262186767205,0.9691705790297339,0.9561799739002492,08/11/2025 15:04:46
forest,25,1.6,5,101,0.9560316721006055,0.9526818709745539,0.929014396456257,0.9404213460299875,0.9719874804381845,0.9505009384472208,08/11/2025 15:04:59
forest,25,1.8,5,101,0.95954044403043,0.95655133295519,0.9336655592469546,0.9449124675941765,0.9748043818466353,0.9542349705467948,08/11/2025 15:05:11
forest,25,2.0,5,101,0.9648191274646795,0.9658420441347271,0.9385382059800664,0.9519710981659781,0.980399061032864,0.959468633506465,08/11/2025 15:05:24
forest,25,2.2,5,101,0.9560316721006055,0.9528077141236528,0.9291251384274641,0.9405467695077128,0.9720266040688574,0.9505758712481608,08/11/2025 15:05:36
forest,25,2.4,5,101,0.9595559695699425,0.9534249471458773,0.9385382059800665,0.9456361708075312,0.9720657276995304,0.9553019668397985,08/11/2025 15:05:47
forest,25,2.6,5,101,0.9595559695699425,0.9532084969294271,0.9385382059800665,0.9455220046044509,0.9720266040688577,0.955282405024462,08/11/2025 15:06:00
forest,25,2.8,5,101,0.9595559695699427,0.9616500553709855,0.929014396456257,0.94484659686021,0.9776212832550861,0.9533178398556714,08/11/2025 15:06:11
forest,25,3.0,5,101,0.9630647414997672,0.9660635280771412,0.9336655592469546,0.9494357096137451,0.980399061032864,0.9570323101399092,08/11/2025 15:06:23
forest,25,3.2,5,101,0.9595559695699425,0.9574418604651163,0.9337763012181618,0.9452471039465135,0.9748435054773082,0.954309903347735,08/11/2025 15:06:35
forest,25,3.4,5,101,0.9648191274646795,0.9611522198731501,0.943078626799557,0.9518428438262605,0.9775821596244132,0.960330393211985,08/11/2025 15:06:47
forest,25,3.6,5,101,0.9595559695699427,0.9616500553709855,0.929014396456257,0.94484659686021,0.9776212832550861,0.9533178398556714,08/11/2025 15:06:59
forest,25,3.8,5,101,0.95954044403043,0.9481565513329551,0.9431893687707641,0.9455929326059367,0.9692097026604068,0.9561995357155855,08/11/2025 15:07:11
forest,25,4.0,5,101,0.9613103555348548,0.9572149744753261,0.9386489479512736,0.9476594917638208,0.9748043818466353,0.9567266648989545,08/11/2025 15:07:23
forest,25,4.2,5,101,0.9665735134295916,0.9664119601328904,0.9431893687707642,0.9545468238344685,0.980399061032864,0.9617942149018139,08/11/2025 15:07:35
forest,25,4.4,5,101,0.9630492159602546,0.9574588769143505,0.9431893687707642,0.950128626346834,0.9748043818466353,0.9589968753086996,08/11/2025 15:07:47
forest,25,4.6,5,101,0.9578015836050303,0.9492691029900332,0.9385382059800665,0.9434370005948279,0.9692488262910798,0.953893516135573,08/11/2025 15:07:59
forest,25,4.8,5,101,0.9578015836050303,0.9568514412416851,0.929014396456257,0.9425449002546291,0.9748043818466353,0.9519093891514462,08/11/2025 15:08:11
forest,25,5.0,5,101,0.956047197640118,0.9566666666666667,0.9243632336655594,0.9401516704242672,0.9748435054773082,0.9496033695714339,08/11/2025 15:08:24
forest,25,5.2,5,101,0.9613103555348548,0.9616500553709855,0.9337763012181618,0.9473759554871297,0.9776212832550861,0.9556987922366238,08/11/2025 15:08:36
forest,25,5.4,5,101,0.9613103555348548,0.9616500553709855,0.9337763012181618,0.9473759554871297,0.9776212832550861,0.9556987922366238,08/11/2025 15:08:49
forest,25,5.6,5,101,0.9630647414997672,0.9616500553709855,0.9385382059800665,0.9498443657134006,0.9776212832550861,0.9580797446175762,08/11/2025 15:09:01
forest,25,5.8,5,101,0.9595559695699427,0.9614285714285714,0.9292358803986712,0.9449149745116971,0.9776212832550861,0.9534285818268785,08/11/2025 15:09:13
forest,25,6.0,5,101,0.9595559695699427,0.9614285714285714,0.9292358803986712,0.9449149745116971,0.9776212832550861,0.9534285818268785,08/11/2025 15:09:25
forest,25,6.2,5,101,0.956047197640118,0.9611854792966534,0.9196013289036546,0.9397404580191313,0.9776212832550861,0.9486113060793702,08/11/2025 15:09:38
forest,25,6.4,5,101,0.9595559695699425,0.9611854792966534,0.929014396456257,0.9447368275467969,0.9776212832550861,0.9533178398556714,08/11/2025 15:09:50
forest,25,6.6,5,101,0.9525384257102936,0.9568514412416851,0.914950166112957,0.9350213488286385,0.9748043818466353,0.9448772739797962,08/11/2025 15:10:02
forest,25,6.8,5,101,0.9577860580655179,0.9522172949002217,0.9337763012181618,0.9427799869428453,0.9719874804381845,0.9528818908281732,08/11/2025 15:10:15
forest,25,7.0,5,101,0.9560316721006055,0.9522172949002217,0.929014396456257,0.9403115767165744,0.9719874804381845,0.9505009384472208,08/11/2025 15:10:28
forest,25,7.2,5,101,0.9525229001707809,0.9522172949002217,0.9197120708748617,0.9353173839175035,0.9719874804381845,0.9458497756565232,08/11/2025 15:10:40
forest,25,7.4,5,101,0.95954044403043,0.9574437757364587,0.9338870431893689,0.9452455985180659,0.9747652582159624,0.9543261507026657,08/11/2025 15:10:53
forest,25,7.6,5,101,0.9577860580655176,0.95655133295519,0.929014396456257,0.9425035040087423,0.9748043818466353,0.9519093891514462,08/11/2025 15:11:05
forest,25,7.8,5,101,0.9490141282409563,0.9441145281018027,0.9194905869324475,0.9309535412919736,0.9663536776212831,0.9429221322768655,08/11/2025 15:11:18
forest,25,8.0,5,101,0.9578015836050303,0.9611854792966534,0.9242524916943523,0.9422074689198773,0.9776212832550861,0.950936887474719,08/11/2025 15:11:30
forest,25,8.2,5,101,0.9613103555348548,0.9611854792966534,0.9337763012181618,0.9472052377730679,0.9776212832550861,0.9556987922366238,08/11/2025 15:11:43
forest,25,8.4,5,101,0.9630647414997672,0.965725900116144,0.9337763012181618,0.9494487398250513,0.9804381846635367,0.9571072429408491,08/11/2025 15:11:56
forest,25,8.6,5,101,0.9612948299953423,0.9538413058549191,0.9434108527131784,0.9480996962992305,0.9720266040688574,0.9577187283910179,08/11/2025 15:12:08
forest,25,8.8,5,101,0.9630492159602546,0.9583817266744097,0.9433001107419713,0.950341799025689,0.9748435054773082,0.9590718081096398,08/11/2025 15:12:21
forest,25,9.0,5,101,0.9630492159602546,0.9583817266744097,0.9433001107419713,0.950341799025689,0.9748435054773082,0.9590718081096398,08/11/2025 15:12:33
forest,25,9.2,5,101,0.9577860580655179,0.9442403125329955,0.9433001107419713,0.9435651640004993,0.966392801251956,0.9548464559969638,08/11/2025 15:12:46
forest,25,9.4,5,101,0.9560316721006055,0.9442403125329955,0.9385382059800665,0.9410967537742284,0.966392801251956,0.9524655036160112,08/11/2025 15:12:59
forest,25,9.6,5,101,0.9577860580655176,0.944745363038046,0.9433001107419713,0.9436094509140306,0.966392801251956,0.9548464559969638,08/11/2025 15:13:12
forest,25,9.8,5,101,0.9577860580655176,0.944745363038046,0.9433001107419713,0.9436094509140306,0.966392801251956,0.9548464559969638,08/11/2025 15:13:25
forest,25,10.0,5,101,0.9577860580655176,0.944745363038046,0.9433001107419713,0.9436094509140306,0.966392801251956,0.9548464559969638,08/11/2025 15:13:38
